LT,00001,Nemirsetos k.,,,Klaipėdos r. sav.,,,,55.9175,21.0686,3
LT,00009,Palanga,,,Palangos m. sav.,,,,55.9175,21.0686,4
LT,01001,Vilnius,,,Vilniaus m. sav.,,,,54.6833,25.3167,4
LT,01013,Vilnius,,,Vilniaus m. sav.,,,,54.6833,25.3167,4
LT,01025,Vilnius,,,Vilniaus m. sav.,,,,54.6833,25.3167,4
LT,01031,Vilnius,,,Vilniaus m. sav.,,,,54.6833,25.3167,4
LT,01047,Vilnius,,,Vilniaus m. sav.,,,,54.6833,25.3167,4
LT,02007,SB „Ribiškės“,,,Vilniaus m. sav.,,,,54.6833,25.3167,3
LT,02011,SB „Aviatorius“,,,Vilniaus m. sav.,,,,54.6833,25.3167,3
LT,02017,Vilnius,,,Vilniaus m. sav.,,,,54.6833,25.3167,4
LT,02021,Juodbalių k.,,,Vilniaus r. sav.,,,,54.6833,25.3167,3
LT,02025,Vilnius,,,Vilniaus m. sav.,,,,54.6833,25.3167,4
LT,02029,Vilnius,,,Vilniaus m. sav.,,,,54.6833,25.3167,4
LT,03001,Vilnius,,,Vilniaus m. sav.,,,,54.6833,25.3167,4
LT,03011,Vilnius,,,Vilniaus m. sav.,,,,54.6833,25.3167,4
LT,04001,Vilnius,,,Vilniaus m. sav.,,,,54.6833,25.3167,4
LT,04007,Vilnius,,,Vilniaus m. sav.,,,,54.6833,25.3167,4
LT,04013,Vilnius,,,Vilniaus m. sav.,,,,54.6833,25.3167,4
LT,05001,Vilnius,,,Vilniaus m. sav.,,,,54.6833,25.3167,4
LT,05009,Vilnius,,,Vilniaus m. sav.,,,,54.6833,25.3167,4
LT,06001,Vilnius,,,Vilniaus m. sav.,,,,54.6833,25.3167,4
LT,06005,SB „Avietynas“,,,Vilniaus m. sav.,,,,54.6833,25.3167,3
LT,07001,Vilnius,,,Vilniaus m. sav.,,,,54.6833,25.3167,4
LT,07004,Vilnius,,,Vilniaus m. sav.,,,,54.6833,25.3167,4
LT,08001,Vilnius,,,Vilniaus m. sav.,,,,54.6833,25.3167,4
LT,08009,Vilnius,,,Vilniaus m. sav.,,,,54.6833,25.3167,4
LT,08013,SB „Šeškinė“,,,Vilniaus m. sav.,,,,54.6833,25.3167,3
LT,08018,SB „Aušra“,,,Vilniaus m. sav.,,,,54.6833,25.3167,3
LT,09001,Vilnius,,,Vilniaus m. sav.,,,,54.6833,25.3167,4
LT,09008,Vilnius,,,Vilniaus m. sav.,,,,54.6833,25.3167,4
LT,09020,Vilnius,,,Vilniaus m. sav.,,,,54.6833,25.3167,4
LT,10001,SB „Šalna“,,,Vilniaus m. sav.,,,,54.6833,25.3167,3
LT,10004,SB „Girių“,,,Vilniaus m. sav.,,,,54.6833,25.3167,3
LT,10007,SB „Buitis“,,,Vilniaus m. sav.,,,,54.6833,25.3167,3
LT,10013,Vilnius,,,Vilniaus m. sav.,,,,54.6833,25.3167,4
LT,11001,SB „Vilnelė“,,,Vilniaus m. sav.,,,,54.6833,25.3167,3
LT,11005,Grigaičių k.,,,Vilniaus m. sav.,,,,54.6833,25.3167,3
LT,11010,SB „Sveikata“,,,Vilniaus m. sav.,,,,54.6833,25.3167,3
LT,11013,Vilnius,,,Vilniaus m. sav.,,,,54.6833,25.3167,4
LT,12001,SB „Sveikatos apsauga“,,,Vilniaus m. sav.,,,,54.6833,25.3167,3
LT,13001,Kairėnų k.,,,Vilniaus r. sav.,,,,54.6833,25.3167,3
LT,13004,Mickūnai,,,Vilniaus r. sav.,,,,54.7,25.5333,4
LT,13007,Rokantiškių k.,,,Vilniaus r. sav.,,,,54.6917,25.425,1
LT,13010,Žaliašilio k.,,,Vilniaus r. sav.,,,,54.6,25.7333,1
LT,13013,Šumskas,,,Vilniaus r. sav.,,,,54.6,25.7333,4
LT,13016,Nelydiškių k.,,,Vilniaus r. sav.,,,,54.6,25.7333,1
LT,13019,Šakiškių k.,,,Vilniaus r. sav.,,,,54.6,25.7333,1
LT,13022,SB „Vilija-2“,,,Vilniaus r. sav.,,,,54.67,25.4433,1
LT,13025,SB Kalveliai,,,Vilniaus r. sav.,,,,54.67,25.4433,1
LT,13028,SB „Beržiškis“,,,Vilniaus r. sav.,,,,54.67,25.4433,1
LT,13031,Bagušių k.,,,Vilniaus r. sav.,,,,54.6833,25.3167,3
LT,13034,Vilnius,,,Vilniaus m. sav.,,,,54.6833,25.3167,4
LT,14001,Kalviškių k.,,,Vilniaus r. sav.,,,,54.6833,25.3167,3
LT,14004,SB „Obelėlė“,,,Vilniaus r. sav.,,,,54.6833,25.3167,3
LT,14007,Vilnius,,,Vilniaus m. sav.,,,,54.6833,25.3167,4
LT,14010,Gineitiškių k.,,,Vilniaus r. sav.,,,,54.6833,25.3167,3
LT,14013,Lindiniškių k.,,,Vilniaus r. sav.,,,,54.6833,25.3167,1
LT,14016,Pakonių k.,,,Vilniaus r. sav.,,,,54.6833,25.3167,1
LT,14019,Pietuškių k.,,,Vilniaus r. sav.,,,,54.6833,25.3167,1
LT,14025,Maišiagala,,,Vilniaus r. sav.,,,,54.8667,25.0667,4
LT,14028,Birelės k.,,,Vilniaus r. sav.,,,,54.6833,25.3167,3
LT,14031,Baboniškių k.,,,Vilniaus r. sav.,,,,54.7139,25.275,1
LT,15004,Kreivių k.,,,Vilniaus r. sav.,,,,54.825,25.5083,1
LT,15013,Jauniškių k.,,,Vilniaus r. sav.,,,,54.85,25.4833,1
LT,15019,Nemenčinė,,,Vilniaus r. sav.,,,,54.85,25.4833,4
LT,15023,Tapelių k.,,,Vilniaus r. sav.,,,,54.8,25.5333,3
LT,15026,Akmentilčio k.,,,Vilniaus r. sav.,,,,54.8,25.5333,1
LT,15029,Mostiškių k.,,,Vilniaus r. sav.,,,,54.8,25.5333,1
LT,15032,Šniūrų k.,,,Vilniaus r. sav.,,,,54.825,25.5083,1
LT,15035,Pavarpių k.,,,Vilniaus r. sav.,,,,54.825,25.5083,1
LT,17001,Šalčininkai,,,Šalčininkų r. sav.,,,,54.3,25.3833,4
LT,17005,Dainavėlės k.,,,Šalčininkų r. sav.,,,,54.25,25.5,1
LT,17008,Šadžiūnų k.,,,Šalčininkų r. sav.,,,,54.2,25.6167,3
LT,17014,Paraisčio k.,,,Šalčininkų r. sav.,,,,54.1667,25,1
LT,17017,Daugidonių k.,,,Šalčininkų r. sav.,,,,54.1667,25,3
LT,17020,Adomiškių k.,,,Šalčininkų r. sav.,,,,54.3433,25.3067,1
LT,17023,Liupkiškių k.,,,Šalčininkų r. sav.,,,,54.3433,25.3067,1
LT,17026,Kibalų k.,,,Šalčininkų r. sav.,,,,54.3433,25.3067,1
LT,17029,Nevainionių k.,,,Šalčininkų r. sav.,,,,54.3433,25.3067,1
LT,17032,Bogumiliškių k.,,,Šalčininkų r. sav.,,,,54.525,25.2667,1
LT,17035,Baltoji Vokė,,,Šalčininkų r. sav.,,,,54.6,25.2,4
LT,17038,Jašiūnai,,,Šalčininkų r. sav.,,,,54.45,25.3333,4
LT,17041,Žlaugtų k.,,,Šalčininkų r. sav.,,,,54.3433,25.3067,1
LT,17044,Malakonių k.,,,Šalčininkų r. sav.,,,,54.3433,25.3067,1
LT,17047,Slabados k.,,,Šalčininkų r. sav.,,,,54.3433,25.3067,1
LT,18001,Švenčionys,,,Švenčionių r. sav.,,,,55.15,26.1667,4
LT,18005,Čyčelių k.,,,Švenčionių r. sav.,,,,55.15,26.1667,1
LT,18008,Meškauščiznos k.,,,Švenčionių r. sav.,,,,55.15,26.1667,1
LT,18011,Popeliškės vienk.,,,Švenčionių r. sav.,,,,55,25.7833,1
LT,18014,Prienų k.,,,Švenčionių r. sav.,,,,55,25.7833,1
LT,18017,Pabradė,,,Švenčionių r. sav.,,,,55,25.7833,4
LT,18022,Dėlynės vienk.,,,Švenčionių r. sav.,,,,55.1667,26,3
LT,18025,Šlapimo k.,,,Švenčionių r. sav.,,,,55.2667,25.7667,3
LT,18028,Ožkinių k.,,,Švenčionių r. sav.,,,,55.2667,26,3
LT,18033,Sakališkės ll k.,,,Švenčionių r. sav.,,,,55.15,26.6,1
LT,18036,Kackonių k.,,,Švenčionių r. sav.,,,,55.15,26.6,1
LT,18039,Baltūniškės k.,,,Švenčionių r. sav.,,,,55.15,26.6,3
LT,18042,Aukštosios vienk.,,,Švenčionių r. sav.,,,,55.1667,26.0528,1
LT,18043,Baroniškės k.,,,Švenčionių r. sav.,,,,55.1667,26.0528,1
LT,19001,Kiemelių k.,,,Širvintų r. sav.,,,,55.075,24.9667,3
LT,19005,Palkių k.,,,Širvintų r. sav.,,,,55.0167,25.1,3
LT,19008,Barskūnų k.,,,Širvintų r. sav.,,,,55.0556,25.0111,1
LT,19011,Viršuliškių k.,,,Širvintų r. sav.,,,,54.9167,24.85,1
LT,19014,Kernavė,,,Širvintų r. sav.,,,,54.8833,24.85,4
LT,19017,Musninkai,,,Širvintų r. sav.,,,,54.95,24.85,4
LT,19020,Aleksandravos k.,,,Širvintų r. sav.,,,,55.075,24.7333,1
LT,19023,Savingės vienk.,,,Širvintų r. sav.,,,,55.0667,24.7,3
LT,19026,Bagaslaviškis,,,Širvintų r. sav.,,,,55.0833,24.7667,4
LT,19029,Kiauklių k.,,,Širvintų r. sav.,,,,55.075,24.7333,1
LT,19032,Šešuolėlių ll k.,,,Širvintų r. sav.,,,,55.0667,25.1,3
LT,20001,Pasiekų vienk.,,,Ukmergės r. sav.,,,,55.25,24.75,3
LT,20006,Ukmergė,,,Ukmergės r. sav.,,,,55.25,24.75,4
LT,20009,Ukmergė,,,Ukmergės r. sav.,,,,55.25,24.75,4
LT,20012,Vaitkuškio k.,,,Ukmergės r. sav.,,,,55.25,24.75,3
LT,20015,Meilūnų k.,,,Ukmergės r. sav.,,,,55.2167,25.1,3
LT,20018,Skuolių k.,,,Ukmergės r. sav.,,,,55.2333,24.925,1
LT,20021,Rimeisių k.,,,Ukmergės r. sav.,,,,55.1833,24.95,3
LT,20024,Žvygonių k.,,,Ukmergės r. sav.,,,,55.175,24.8583,1
LT,20027,Sargelių k.,,,Ukmergės r. sav.,,,,55.1667,24.7667,3
LT,20030,Meižėnų k.,,,Ukmergės r. sav.,,,,55.15,24.5667,1
LT,20036,Samantonių k.,,,Ukmergės r. sav.,,,,55.15,24.5667,3
LT,20039,Trainių k.,,,Ukmergės r. sav.,,,,55.15,24.5667,1
LT,20042,Skynimų k.,,,Ukmergės r. sav.,,,,55.2333,24.6667,3
LT,20045,Siesikai,,,Ukmergės r. sav.,,,,55.3,24.5,4
LT,20054,Taujėnai,,,Ukmergės r. sav.,,,,55.4,24.75,4
LT,20057,Vidiškiai,,,Ukmergės r. sav.,,,,55.3,24.8667,4
LT,20060,Avižienių k.,,,Ukmergės r. sav.,,,,55.3,24.9667,3
LT,20063,Virkščių k.,,,Ukmergės r. sav.,,,,55.2667,24.95,3
LT,20066,Obelių k.,,,Ukmergės r. sav.,,,,55.2833,24.9583,1
LT,21001,Miškinių k.,,,Trakų r. sav.,,,,54.6333,24.9333,3
LT,21007,Naujojo Tarpupio k.,,,Trakų r. sav.,,,,54.6333,24.9333,1
LT,21013,Kajetoniškių k.,,,Trakų r. sav.,,,,54.5167,24.8333,1
LT,21016,Odesos k.,,,Trakų r. sav.,,,,54.5167,24.8333,3
LT,21019,Julijanavos k.,,,Trakų r. sav.,,,,54.5167,24.8333,1
LT,21025,Skynimų k.,,,Trakų r. sav.,,,,54.4833,24.6,3
LT,21034,Aukštadvaris,,,Trakų r. sav.,,,,54.5833,24.5333,4
LT,21040,Čekelių k.,,,Trakų r. sav.,,,,54.6667,24.6667,1
LT,21043,Zaulcų k.,,,Elektrėnų sav.,,,,54.6667,24.6667,3
LT,21046,Gaštautiškių k.,,,Elektrėnų sav.,,,,54.6667,24.6667,1
LT,21049,Toleikių k.,,,Elektrėnų sav.,,,,54.6667,24.6667,1
LT,21055,Zapalinos k.,,,Elektrėnų sav.,,,,54.7667,24.8,1
LT,21058,Žydaukos k.,,,Elektrėnų sav.,,,,54.7667,24.8,3
LT,21063,Žemųjų Semeniukų k.,,,Trakų r. sav.,,,,54.6083,24.7278,1
LT,21066,Kriokšlių k.,,,Elektrėnų sav.,,,,54.6083,24.7278,1
LT,21069,Kareivonių k.,,,Elektrėnų sav.,,,,54.6083,24.7278,1
LT,21072,Varlių k.,,,Trakų r. sav.,,,,54.6083,24.7278,1
LT,25001,Račkūnų k.,,,Trakų r. sav.,,,,54.6667,25.1833,3
LT,26001,Diekcioriškių k.,,,Elektrėnų sav.,,,,54.7667,24.6333,3
LT,27001,SB „Ąžuolynas“,,,Vilniaus r. sav.,,,,54.6833,25.2,3
LT,28001,Gučiavietės k.,,,Utenos r. sav.,,,,55.5,25.6,3
LT,28012,Grašių k.,,,Utenos r. sav.,,,,55.45,25.8167,3
LT,28015,Mediniškių k.,,,Utenos r. sav.,,,,55.4167,25.8167,1
LT,28018,Paisetės I k.,,,Utenos r. sav.,,,,55.35,25.8167,3
LT,28021,Kuktiškės,,,Utenos r. sav.,,,,55.4,25.6667,4
LT,28024,Vosgėlių k.,,,Utenos r. sav.,,,,55.5083,25.475,1
LT,28027,Biržinės k.,,,Utenos r. sav.,,,,55.6167,25.2833,3
LT,28030,Vyžuonos,,,Utenos r. sav.,,,,55.6,25.5,4
LT,28033,Vygėlių k.,,,Utenos r. sav.,,,,55.65,25.5833,3
LT,28039,Ruzgiškių I vs.,,,Utenos r. sav.,,,,55.5833,25.6833,3
LT,28042,Taukelių k.,,,Utenos r. sav.,,,,55.6,25.8333,3
LT,28045,Verbūnų k.,,,Utenos r. sav.,,,,55.6,25.8333,1
LT,28048,Vareikių k.,,,Utenos r. sav.,,,,55.6,25.8333,1
LT,29001,Anykščiai,,,Anykščių r. sav.,,,,55.5256,25.1026,4
LT,29006,Trumbatiškio k.,,,Anykščių r. sav.,,,,55.5256,25.1026,1
LT,29012,Želtiškių k.,,,Anykščių r. sav.,,,,55.4167,25.2667,3
LT,29015,Viliaudiškio k.,,,Anykščių r. sav.,,,,55.4167,25.1167,3
LT,29018,Džiugų k.,,,Anykščių r. sav.,,,,55.4167,25.1917,1
LT,29021,Repšėnų k.,,,Anykščių r. sav.,,,,55.4333,24.9167,3
LT,29030,Žiurlių k.,,,Anykščių r. sav.,,,,55.5167,24.75,3
LT,29033,Termintiškio k.,,,Anykščių r. sav.,,,,55.6,24.85,3
LT,29036,Jovarų k.,,,Anykščių r. sav.,,,,55.6667,24.8167,3
LT,29039,Žemaitėlių k.,,,Anykščių r. sav.,,,,55.7,24.9833,3
LT,29042,Puroniškio k.,,,Anykščių r. sav.,,,,55.6,25.05,3
LT,29045,Sausalaukės k.,,,Anykščių r. sav.,,,,55.6833,25.3667,3
LT,29048,Svėdasai,,,Anykščių r. sav.,,,,55.6833,25.3667,4
LT,29051,Leliūnų k.,,,Anykščių r. sav.,,,,55.5833,25.3167,1
LT,29054,Steponavos k.,,,Anykščių r. sav.,,,,55.5833,25.3167,3
LT,30001,Paversmio k.,,,Ignalinos r. sav.,,,,55.35,26.1667,3
LT,30006,Didžiasalio vienk.,,,Ignalinos r. sav.,,,,55.3333,26.3833,1
LT,30009,Kliukų k.,,,Ignalinos r. sav.,,,,55.3167,26.6,3
LT,30012,Sriūbų k.,,,Ignalinos r. sav.,,,,55.25,26.4333,3
LT,30015,Barkuškės k.,,,Ignalinos r. sav.,,,,55.25,26.4333,1
LT,30018,Medziuškų k.,,,Ignalinos r. sav.,,,,55.25,26.4333,1
LT,30024,Krivasalio k.,,,Ignalinos r. sav.,,,,55.3967,26.3933,1
LT,30027,Trainiškio k.,,,Ignalinos r. sav.,,,,55.3967,26.3933,1
LT,30030,Kaneišių k.,,,Ignalinos r. sav.,,,,55.3967,26.3933,1
LT,30033,Žeimių k.,,,Ignalinos r. sav.,,,,55.3967,26.3933,1
LT,30036,Apkartų k.,,,Ignalinos r. sav.,,,,55.3967,26.3933,1
LT,30039,Daržininkų k.,,,Ignalinos r. sav.,,,,55.3967,26.3933,1
LT,30042,Šukeliškės k.,,,Ignalinos r. sav.,,,,55.5333,26.3333,3
LT,30045,Antalgės k.,,,Ignalinos r. sav.,,,,55.5333,26.4333,3
LT,30048,Pociūnų k.,,,Ignalinos r. sav.,,,,55.5333,26.3833,1
LT,30051,Dikiškės l k.,,,Ignalinos r. sav.,,,,55.3967,26.3933,1
LT,30054,Jurgeliškės k.,,,Ignalinos r. sav.,,,,55.3967,26.3933,1
LT,31001,Visaginas,,,Visagino sav.,,,,55.6,26.4167,4
LT,31007,Visaginas,,,Visagino sav.,,,,55.6,26.4167,4
LT,32001,Gružtų k.,,,Zarasų r. sav.,,,,55.7333,26.25,3
LT,32004,Turmantas,,,Zarasų r. sav.,,,,55.7,26.45,4
LT,32007,Zelvos k.,,,Zarasų r. sav.,,,,55.5833,26.1333,3
LT,32010,Naujųjų Mateikių k.,,,Zarasų r. sav.,,,,55.6667,25.85,1
LT,32013,Naršėnų k.,,,Zarasų r. sav.,,,,55.6667,25.85,3
LT,32016,Škūgų k.,,,Zarasų r. sav.,,,,55.6667,25.85,1
LT,32019,Navikų k.,,,Zarasų r. sav.,,,,55.6667,25.85,1
LT,32022,Upiškių k.,,,Zarasų r. sav.,,,,55.75,25.85,1
LT,32028,Volungių k.,,,Zarasų r. sav.,,,,55.75,25.85,1
LT,32029,Avyžių k.,,,Zarasų r. sav.,,,,55.75,25.85,3
LT,32032,Dulių k.,,,Zarasų r. sav.,,,,55.6867,26.1067,1
LT,33001,Vilijočių k.,,,Molėtų r. sav.,,,,55.2333,25.4167,3
LT,33004,Mindūnų k.,,,Molėtų r. sav.,,,,55.2,25.4833,1
LT,33007,Suduikių k.,,,Molėtų r. sav.,,,,55.1667,25.55,3
LT,33010,Slabados k.,,,Molėtų r. sav.,,,,55.1851,25.3767,1
LT,33016,Grabniokų k.,,,Molėtų r. sav.,,,,55.1851,25.3767,1
LT,33019,Antajuodžių k.,,,Molėtų r. sav.,,,,55.1851,25.3767,1
LT,33022,Guronių k.,,,Molėtų r. sav.,,,,55.0667,25.45,3
LT,33025,Lyginių k.,,,Molėtų r. sav.,,,,55.0772,25.2601,3
LT,33028,Dundulių k.,,,Molėtų r. sav.,,,,55.0719,25.3551,1
LT,33031,Druskių k.,,,Molėtų r. sav.,,,,55.2167,25.2833,3
LT,33034,Balninkai,,,Molėtų r. sav.,,,,55.2833,25.2917,1
LT,33037,Alanta,,,Molėtų r. sav.,,,,55.35,25.3,4
LT,33040,Antaninavos k.,,,Molėtų r. sav.,,,,55.1851,25.3767,1
LT,33043,Apankiškių k.,,,Molėtų r. sav.,,,,55.1851,25.3767,1
LT,33046,Žaroniškio k.,,,Molėtų r. sav.,,,,55.1851,25.3767,1
LT,33049,Vyšnelės k.,,,Molėtų r. sav.,,,,55.1851,25.3767,1
LT,35001,Stebeikių k.,,,Panevėžio r. sav.,,,,55.7083,24.4417,3
LT,36001,Panevėžys,,,Panevėžio m. sav.,,,,55.7333,24.35,4
LT,36010,Stetiškių vienk.,,,Panevėžio r. sav.,,,,55.7333,24.35,3
LT,37001,Molainių vienk.,,,Panevėžio r. sav.,,,,55.7333,24.35,3
LT,37005,Panevėžys,,,Panevėžio m. sav.,,,,55.7333,24.35,4
LT,37010,SB „Ekranas-1“,,,Panevėžio m. sav.,,,,55.7333,24.35,3
LT,38007,Panevėžys,,,Panevėžio m. sav.,,,,55.7333,24.35,4
LT,38010,Kerblonių k.,,,Panevėžio r. sav.,,,,55.5167,24.5667,1
LT,38013,Fermos k.,,,Panevėžio r. sav.,,,,55.525,24.6,3
LT,38016,Dembavos vienk.,,,Panevėžio r. sav.,,,,55.5167,24.5667,1
LT,38019,Alančių k.,,,Panevėžio r. sav.,,,,55.5,24.5,3
LT,38031,Vaidilų k.,,,Panevėžio r. sav.,,,,55.5167,24.3,3
LT,38037,Telviškių k.,,,Panevėžio r. sav.,,,,55.5167,24.3,1
LT,38040,Vilkelių k.,,,Panevėžio r. sav.,,,,55.6167,24.125,1
LT,38043,Rodų ll k.,,,Panevėžio r. sav.,,,,55.55,24.1,3
LT,38046,Žibartonių vienk.,,,Panevėžio r. sav.,,,,55.6167,24.125,1
LT,38049,Narutiškio k.,,,Panevėžio r. sav.,,,,55.6833,24.15,3
LT,38052,Auriliškių k.,,,Panevėžio r. sav.,,,,55.7333,24.35,3
LT,38055,Žvalgų k.,,,Panevėžio r. sav.,,,,55.8,24.0167,3
LT,38064,SB „Piniava“,,,Panevėžio r. sav.,,,,55.6485,24.3652,1
LT,38067,Mileškūnų k.,,,Panevėžio r. sav.,,,,55.6485,24.3652,1
LT,38070,Vilkapjūvių k.,,,Panevėžio r. sav.,,,,55.8333,24.7,1
LT,38079,Barsiukynės k.,,,Panevėžio r. sav.,,,,55.8333,24.7,3
LT,38082,Voverinės k.,,,Panevėžio r. sav.,,,,55.7333,24.35,3
LT,39001,Kiemelių k.,,,Pasvalio r. sav.,,,,56.0594,24.4036,3
LT,39006,Balčiškių k.,,,Pasvalio r. sav.,,,,55.9667,24.5167,3
LT,39012,Dumbliūnėlių k.,,,Pasvalio r. sav.,,,,55.9167,24.4,3
LT,39015,Papiškių k.,,,Pasvalio r. sav.,,,,55.9167,24.25,3
LT,39027,Stačiūnų k.,,,Pasvalio r. sav.,,,,56.0253,24.1689,3
LT,39034,Žvirblinių k.,,,Pasvalio r. sav.,,,,56.1667,24.2108,3
LT,39040,Šunkiškių k.,,,Pasvalio r. sav.,,,,56.2278,24.4106,1
LT,39049,Kupriškio k.,,,Pasvalio r. sav.,,,,56.2278,24.4106,3
LT,39052,Sokų k.,,,Pasvalio r. sav.,,,,56.0831,24.5256,1
LT,39055,Suntautų k.,,,Pasvalio r. sav.,,,,56.0831,24.5256,3
LT,39058,Ruopiškių k.,,,Pasvalio r. sav.,,,,56.0831,24.5256,1
LT,40001,Stičkalnio k.,,,Kupiškio r. sav.,,,,55.8333,24.9667,3
LT,40018,Pelyšių k.,,,Kupiškio r. sav.,,,,55.7333,25.15,3
LT,40030,Noriūnų k.,,,Kupiškio r. sav.,,,,55.8,24.8833,3
LT,40033,Kantrimiškio k.,,,Kupiškio r. sav.,,,,55.7333,24.7833,3
LT,40049,Žiogų k.,,,Kupiškio r. sav.,,,,55.8833,25.2,3
LT,40055,Šerelių k.,,,Kupiškio r. sav.,,,,55.9333,24.9,1
LT,40056,Klingų k.,,,Kupiškio r. sav.,,,,55.9333,24.9,3
LT,41001,Zizonių k.,,,Biržų r. sav.,,,,56.2,24.75,3
LT,41012,Šiliškio k.,,,Biržų r. sav.,,,,56.1167,25,3
LT,41033,Vabalninkas,,,Biržų r. sav.,,,,55.9667,24.75,4
LT,41040,Pabiržė,,,Biržų r. sav.,,,,56.1858,24.6367,4
LT,41058,Strazdiškio k.,,,Biržų r. sav.,,,,56.3964,24.7706,3
LT,41062,Medeikių k.,,,Biržų r. sav.,,,,56.1511,24.8122,1
LT,41071,Jackonių k.,,,Biržų r. sav.,,,,56.0411,24.9661,1
LT,41072,Berčiūnelių k.,,,Biržų r. sav.,,,,56.0411,24.9661,1
LT,41073,Kupreliškis,,,Biržų r. sav.,,,,56.0411,24.9661,4
LT,42001,Naujasodės k.,,,Rokiškio r. sav.,,,,55.9667,25.5833,3
LT,42006,Pakriaunių k.,,,Rokiškio r. sav.,,,,55.9333,25.8,3
LT,42013,Norkūnų k.,,,Rokiškio r. sav.,,,,55.7833,25.6833,1
LT,42016,Girelės k.,,,Rokiškio r. sav.,,,,55.7833,25.6833,3
LT,42022,Kremesiškių k.,,,Rokiškio r. sav.,,,,55.8167,25.5,3
LT,42025,Duokiškis,,,Rokiškio r. sav.,,,,55.75,25.5167,4
LT,42028,Vaitkūnų k.,,,Rokiškio r. sav.,,,,55.8167,25.3667,3
LT,42031,Grigiškio k.,,,Rokiškio r. sav.,,,,55.9167,25.4833,3
LT,42034,Ilgalaukių k.,,,Rokiškio r. sav.,,,,55.9167,25.4833,1
LT,42041,Kilpiškių k.,,,Rokiškio r. sav.,,,,56.0167,25.2167,3
LT,42063,Prūselių k.,,,Rokiškio r. sav.,,,,56.0833,25.6167,3
LT,42069,Sipelių k.,,,Rokiškio r. sav.,,,,56.1056,25.3278,3
LT,44001,SB „Naujasodis“,,,Kauno r. sav.,,,,54.9,23.9,3
LT,44037,Kaunas,,,Kauno m. sav.,,,,54.9,23.9,4
LT,45001,Kaunas,,,Kauno m. sav.,,,,54.9,23.9,4
LT,45009,SB „Sėmena“,,,Kauno m. sav.,,,,54.9,23.9,3
LT,46001,Kaunas,,,Kauno m. sav.,,,,54.9,23.9,4
LT,46005,SB „Freda“,,,Kauno m. sav.,,,,54.9,23.9,3
LT,47001,Kaunas,,,Kauno m. sav.,,,,54.9,23.9,4
LT,47009,SB „Pušynėlis“,,,Kauno m. sav.,,,,54.9,23.9,3
LT,47015,Šakių k.,,,Kauno r. sav.,,,,54.9,23.9,3
LT,48001,Kaunas,,,Kauno m. sav.,,,,54.9,23.9,4
LT,48005,SB „Panerys“,,,Kauno m. sav.,,,,54.9,23.9,3
LT,48009,Kaunas,,,Kauno m. sav.,,,,54.9,23.9,4
LT,49001,Kaunas,,,Kauno m. sav.,,,,54.9,23.9,4
LT,50001,Kaunas,,,Kauno m. sav.,,,,54.9,23.9,4
LT,50019,Kaunas,,,Kauno m. sav.,,,,54.9,23.9,4
LT,51001,SB „Levintai“,,,Kauno m. sav.,,,,54.9,23.9,3
LT,52001,SB „Amaliai“,,,Kauno m. sav.,,,,54.9,23.9,3
LT,52005,Kaunas,,,Kauno m. sav.,,,,54.9,23.9,4
LT,53015,SB „Saulutė“,,,Kauno r. sav.,,,,54.95,23.7604,1
LT,53021,SB „Strėva“,,,Kauno r. sav.,,,,54.95,23.7604,1
LT,53030,SB „Pajiesys“,,,Kauno r. sav.,,,,54.8583,23.8833,3
LT,53056,Girininkų l k.,,,Kauno r. sav.,,,,54.95,23.7604,1
LT,53067,Tabariškių k.,,,Kauno r. sav.,,,,55.4,23.8667,3
LT,53079,Krušinskų k.,,,Kauno r. sav.,,,,54.8833,23.6167,3
LT,53083,SB „Nemunėlis“,,,Kauno r. sav.,,,,54.9167,23.6667,3
LT,53088,Garliava,,,Kauno r. sav.,,,,54.8167,23.8667,4
LT,53093,Virbaliūnų k.,,,Kauno r. sav.,,,,54.9333,23.6,3
LT,54001,Karnavės k.,,,Kauno r. sav.,,,,55.0667,23.8119,1
LT,54011,Brūžės k.,,,Kauno r. sav.,,,,55.075,23.6583,1
LT,54015,Buivydų k.,,,Kauno r. sav.,,,,55.075,23.6583,3
LT,54046,Juškaičių k.,,,Kauno r. sav.,,,,55.1667,23.5167,3
LT,54050,Selveravos k.,,,Kauno r. sav.,,,,55.1,23.8,1
LT,54055,SB „Volungė“,,,Kauno r. sav.,,,,55.1,23.8,1
LT,54059,Jugintų k.,,,Kauno r. sav.,,,,55.1,23.8,3
LT,54066,Eigirgalos k.,,,Kauno r. sav.,,,,55.0667,23.8119,1
LT,54073,Vandžiogala,,,Kauno r. sav.,,,,55.1167,23.9667,4
LT,54078,Tauralaukio k.,,,Kauno r. sav.,,,,54.9667,24.0167,3
LT,54085,SB „Tiekėjas“,,,Kauno r. sav.,,,,54.9667,24.0667,3
LT,54093,SB „Pabiržė“,,,Kauno r. sav.,,,,55.0667,23.8119,1
LT,55001,SB Taurosta,,,Jonavos r. sav.,,,,55.1,24.1333,3
LT,55014,Jonava,,,Jonavos r. sav.,,,,55.0833,24.2833,4
LT,55022,Jonalaukio k.,,,Jonavos r. sav.,,,,55.05,24.4,1
LT,55025,Arnotiškių k.,,,Jonavos r. sav.,,,,55.05,24.4,3
LT,55041,Ratušelių k.,,,Jonavos r. sav.,,,,55.1167,24.2667,1
LT,55044,Daukliūnų k.,,,Jonavos r. sav.,,,,55.1167,24.2667,1
LT,55052,Sangailiškių k.,,,Jonavos r. sav.,,,,55.1833,24.4333,3
LT,55066,Žeimiai,,,Jonavos r. sav.,,,,55.1833,24.2167,4
LT,55096,Šilonių k.,,,Jonavos r. sav.,,,,55.1167,24.2667,1
LT,56001,Pašulių k.,,,Kaišiadorių r. sav.,,,,54.8833,24.175,3
LT,56017,Medinių Strėvininkų k.,,,Kaišiadorių r. sav.,,,,54.8,24.45,3
LT,56028,Karveliškių k.,,,Kaišiadorių r. sav.,,,,54.8417,24.3056,1
LT,56037,Vilčkų k.,,,Kaišiadorių r. sav.,,,,54.7667,24.2333,3
LT,56040,Kapitoniškių k.,,,Kaišiadorių r. sav.,,,,54.85,24.2,3
LT,56048,Piktavyžio k.,,,Kaišiadorių r. sav.,,,,54.85,24.2,1
LT,56054,Smilgių k.,,,Kaišiadorių r. sav.,,,,54.8417,24.3056,1
LT,56060,Žaslių glžk. st.,,,Kaišiadorių r. sav.,,,,54.8667,24.6,3
LT,56063,Lemučionių k.,,,Kaišiadorių r. sav.,,,,54.8667,24.6,1
LT,57001,Klamputės k.,,,Kėdainių r. sav.,,,,55.2883,23.9747,3
LT,57005,Kėdainiai,,,Kėdainių r. sav.,,,,55.2883,23.9747,4
LT,58005,Žeimelių k.,,,Kėdainių r. sav.,,,,55.2833,24.25,3
LT,58011,Paobelys k.,,,Kėdainių r. sav.,,,,55.25,23.8333,1
LT,58014,Pamėklių k.,,,Kėdainių r. sav.,,,,55.25,23.8333,1
LT,58017,Būdviečių k.,,,Kėdainių r. sav.,,,,55.25,23.8333,3
LT,58026,Pernarava,,,Kėdainių r. sav.,,,,55.2664,23.6433,4
LT,58032,Girynės k.,,,Kėdainių r. sav.,,,,55.4,23.7333,3
LT,58038,Vikaičių k.,,,Kėdainių r. sav.,,,,55.5167,23.8,3
LT,58047,Žilvyčių k.,,,Kėdainių r. sav.,,,,55.45,24.0333,3
LT,58050,Pakruostės k.,,,Kėdainių r. sav.,,,,55.375,23.8833,1
LT,58053,Liepos k.,,,Kėdainių r. sav.,,,,55.4,23.8667,3
LT,58057,Dotnuva,,,Kėdainių r. sav.,,,,55.35,23.9,4
LT,58063,Šlaitkalnio k.,,,Kėdainių r. sav.,,,,55.4333,24.2333,1
LT,58066,Būdų k.,,,Kėdainių r. sav.,,,,55.4333,24.2333,1
LT,58069,Osinaukos k.,,,Kėdainių r. sav.,,,,55.4333,24.2333,3
LT,58072,Juknių k.,,,Kėdainių r. sav.,,,,55.35,24.4,3
LT,59001,Važatkiemio k.,,,Prienų r. sav.,,,,54.6444,23.9944,3
LT,59009,Bučiūnų k.,,,Birštono sav.,,,,54.6167,24.0333,3
LT,59015,Ringėnų k.,,,Prienų r. sav.,,,,54.5333,23.8833,3
LT,59021,Mieleišupio k.,,,Prienų r. sav.,,,,54.6458,23.9792,1
LT,59027,Pajiesio k.,,,Prienų r. sav.,,,,54.6458,23.9792,1
LT,59030,Samaniškės k.,,,Prienų r. sav.,,,,54.7667,23.7167,1
LT,59033,Barauskinės k.,,,Prienų r. sav.,,,,54.7667,23.7167,3
LT,59037,Valengiškių k.,,,Prienų r. sav.,,,,54.7667,23.7167,1
LT,59040,Žuvintos k.,,,Prienų r. sav.,,,,54.7167,24.05,3
LT,59052,Amerikos k.,,,Prienų r. sav.,,,,54.6,24.1667,1
LT,59055,Vispos k.,,,Prienų r. sav.,,,,54.6,24.1667,1
LT,59058,Dambravos k.,,,Prienų r. sav.,,,,54.6,24.1667,3
LT,60001,Žičkiškės k.,,,Raseinių r. sav.,,,,55.3736,23.1217,3
LT,60010,Zaroslės k.,,,Raseinių r. sav.,,,,55.2667,23.4667,1
LT,60019,Pagojo k.,,,Raseinių r. sav.,,,,55.2667,23.4667,3
LT,60028,Medekšų k.,,,Raseinių r. sav.,,,,55.3167,23.2167,3
LT,60031,Žieveliškės k.,,,Raseinių r. sav.,,,,55.4031,22.8981,1
LT,60034,Paupio k.,,,Raseinių r. sav.,,,,55.4031,22.8981,1
LT,60037,Liaurių k.,,,Raseinių r. sav.,,,,55.4031,22.8981,3
LT,60040,Nemakščiai,,,Raseinių r. sav.,,,,55.4289,22.7775,4
LT,60043,Didvėjo k.,,,Raseinių r. sav.,,,,55.4708,22.9292,1
LT,60046,Baltkarčių k.,,,Raseinių r. sav.,,,,55.5128,23.0808,3
LT,60049,Grigaičių k.,,,Raseinių r. sav.,,,,55.4708,22.9292,1
LT,60052,Roglaičių k.,,,Raseinių r. sav.,,,,55.5333,23.2333,3
LT,60055,Žaiginys,,,Raseinių r. sav.,,,,55.4833,23.3333,4
LT,60058,Pagojo k.,,,Raseinių r. sav.,,,,55.5083,23.2833,1
LT,60061,Lenčių k.,,,Raseinių r. sav.,,,,55.4148,23.141,1
LT,60070,Skirmantiškės k.,,,Raseinių r. sav.,,,,55.4148,23.141,1
LT,62001,Volungės k.,,,Alytaus r. sav.,,,,54.4,24.05,3
LT,62014,Alytus,,,Alytaus m. sav.,,,,54.4,24.05,4
LT,63001,Alytus,,,Alytaus m. sav.,,,,54.4,24.05,4
LT,64001,Domantonių k.,,,Alytaus r. sav.,,,,54.3667,24.3333,1
LT,64005,Plikionių k.,,,Alytaus r. sav.,,,,54.3667,24.3333,1
LT,64009,Pociūniškių k.,,,Alytaus r. sav.,,,,54.3667,24.3333,3
LT,64017,Jaujakaimio k.,,,Alytaus r. sav.,,,,54.4,24.0067,1
LT,64021,Obelaičių k.,,,Alytaus r. sav.,,,,54.3,24.0333,3
LT,64025,SB „Šaltinėlis“,,,Alytaus r. sav.,,,,54.3,24.0333,1
LT,64029,Remeikių k.,,,Alytaus r. sav.,,,,54.3,24.0333,1
LT,64037,Skovagalių k.,,,Alytaus r. sav.,,,,54.4,23.65,3
LT,64041,Daugirdų k.,,,Alytaus r. sav.,,,,54.4333,23.7667,3
LT,64045,Kalesninikų k.,,,Alytaus r. sav.,,,,54.4333,23.7667,1
LT,64053,Kelmanonių k.,,,Alytaus r. sav.,,,,54.4,24.0067,1
LT,64057,Strielčių k.,,,Alytaus r. sav.,,,,54.4,24.0067,1
LT,64061,Žaliosios k.,,,Alytaus r. sav.,,,,54.5,24.25,3
LT,64065,Paliepių k.,,,Alytaus r. sav.,,,,54.5,24.25,1
LT,64069,Aleksandravos k.,,,Alytaus r. sav.,,,,54.5,24.25,1
LT,65001,Beržupio k.,,,Varėnos r. sav.,,,,54.25,24.55,3
LT,65007,Barčių k.,,,Varėnos r. sav.,,,,54.25,24.55,1
LT,65011,Papiškių k.,,,Varėnos r. sav.,,,,54.2542,24.525,1
LT,65023,Šklėrių k.,,,Varėnos r. sav.,,,,54.2542,24.525,1
LT,65027,Darželių k.,,,Varėnos r. sav.,,,,54.2542,24.525,1
LT,65031,Liškiavos k.,,,Varėnos r. sav.,,,,54.1667,24.1667,1
LT,65035,Ilgininkų k.,,,Varėnos r. sav.,,,,54.1667,24.1667,3
LT,65039,Trakiškių k.,,,Varėnos r. sav.,,,,54.1667,24.1667,1
LT,65043,Kaibučių k.,,,Varėnos r. sav.,,,,54.2542,24.525,1
LT,65051,Pavarėnio k.,,,Varėnos r. sav.,,,,54.2542,24.525,1
LT,65055,Ginakiemio k.,,,Varėnos r. sav.,,,,54.2542,24.525,1
LT,65059,Jakėnų k.,,,Varėnos r. sav.,,,,54.2542,24.525,1
LT,65063,Pošalčių k.,,,Varėnos r. sav.,,,,54.35,24.8333,3
LT,65067,Valkininkų glžk. st.,,,Varėnos r. sav.,,,,54.35,24.8333,1
LT,65071,Šarkiškių k.,,,Varėnos r. sav.,,,,54.25,24.55,1
LT,65075,SB „Beržupis“,,,Varėnos r. sav.,,,,54.25,24.55,3
LT,65079,Paramelio k.,,,Varėnos r. sav.,,,,54.25,24.55,1
LT,66001,Naujasodės k.,,,Druskininkų sav.,,,,54.0167,23.9667,3
LT,66007,Viečiūnų k.,,,Druskininkų sav.,,,,54.0167,23.9667,1
LT,67001,Buniškių k.,,,Lazdijų r. sav.,,,,54.2333,23.5167,3
LT,67006,Staigūnų k.,,,Lazdijų r. sav.,,,,54.2333,23.5167,1
LT,67010,Ročkių k.,,,Lazdijų r. sav.,,,,54.2333,23.8167,3
LT,67014,Mangaroto k.,,,Lazdijų r. sav.,,,,54.2333,23.8167,1
LT,67019,Buteliūnų k.,,,Lazdijų r. sav.,,,,54.2333,23.8167,1
LT,67027,Vileikių k.,,,Druskininkų sav.,,,,54.0909,23.8587,3
LT,67035,Mizarų k.,,,Druskininkų sav.,,,,54,23.65,1
LT,67039,Nasūtų k.,,,Lazdijų r. sav.,,,,54,23.65,3
LT,67043,Čivonių k.,,,Lazdijų r. sav.,,,,54.1,23.7,3
LT,67047,Šulnelių k.,,,Lazdijų r. sav.,,,,54.1,23.7,1
LT,67055,Bielėnų k.,,,Lazdijų r. sav.,,,,54.2134,23.6198,1
LT,67067,Liepinės k.,,,Alytaus r. sav.,,,,54.3667,23.4333,3
LT,67071,Vartų k.,,,Lazdijų r. sav.,,,,54.3833,23.55,3
LT,67083,Gurciškės k.,,,Lazdijų r. sav.,,,,54.3,23.4333,3
LT,68001,Siberijos k.,,,Marijampolės sav.,,,,54.5667,23.35,3
LT,69001,Kermošinės k.,,,Marijampolės sav.,,,,54.6024,23.419,1
LT,69005,Nadpalių k.,,,Marijampolės sav.,,,,54.6024,23.419,1
LT,69009,Bauboniškių k.,,,Marijampolės sav.,,,,54.6024,23.419,1
LT,69013,Daukšiai,,,Marijampolės sav.,,,,54.5,23.5833,4
LT,69016,Bevardiškių k.,,,Marijampolės sav.,,,,54.5,23.5833,1
LT,69022,SB „Krokodilas“,,,Marijampolės sav.,,,,54.4833,23.35,3
LT,69026,SB „Kurmis“,,,Marijampolės sav.,,,,54.4833,23.35,1
LT,69030,Štakmanavo k.,,,Kalvarijos sav.,,,,54.4,23.2333,3
LT,69037,Pasoekų k.,,,Kalvarijos sav.,,,,54.4,23.2333,1
LT,69044,Reketijos k.,,,Kalvarijos sav.,,,,54.6024,23.419,1
LT,69047,Girkantų k.,,,Kalvarijos sav.,,,,54.6024,23.419,1
LT,69052,Staviškių k.,,,Kalvarijos sav.,,,,54.6024,23.419,1
LT,69065,Šunskai,,,Marijampolės sav.,,,,54.65,23.3167,4
LT,69068,Šiaudiniškės k.,,,Kazlų Rūdos sav.,,,,54.65,23.3167,1
LT,69071,Didžiosios Trakiškės k.,,,Kazlų Rūdos sav.,,,,54.6024,23.419,1
LT,69074,Klampupių k.,,,Kazlų Rūdos sav.,,,,54.6024,23.419,1
LT,69080,Čečetų k.,,,Kazlų Rūdos sav.,,,,54.7667,23.4833,3
LT,69083,Mūriniškės k.,,,Kazlų Rūdos sav.,,,,54.7667,23.5,3
LT,69088,Lašiškių k.,,,Kazlų Rūdos sav.,,,,54.7667,23.4917,1
LT,69091,Grigaliūnų k.,,,Kazlų Rūdos sav.,,,,54.65,23.4667,1
LT,69094,SB „Sasna“,,,Marijampolės sav.,,,,54.65,23.4667,3
LT,69097,Steponiškių k.,,,Marijampolės sav.,,,,54.65,23.4667,1
LT,70001,SB „Statybininkas“,,,Vilkaviškio r. sav.,,,,54.6517,23.0322,3
LT,70009,Sarmačinų k.,,,Vilkaviškio r. sav.,,,,54.6517,23.0322,1
LT,70013,Naujienėlės k.,,,Vilkaviškio r. sav.,,,,54.55,23.15,1
LT,70017,Mockabūdžių k.,,,Vilkaviškio r. sav.,,,,54.55,23.15,3
LT,70021,Norvydų k.,,,Vilkaviškio r. sav.,,,,55.1167,23.1167,3
LT,70029,Jakiškių k.,,,Vilkaviškio r. sav.,,,,54.4667,22.9214,3
LT,70037,Lankupkos k.,,,Vilkaviškio r. sav.,,,,54.4544,22.7111,3
LT,70045,Kylininkų k.,,,Vilkaviškio r. sav.,,,,54.6523,22.9629,1
LT,70053,Auksėnų k.,,,Vilkaviškio r. sav.,,,,54.6523,22.9629,1
LT,70057,Alvito k.,,,Vilkaviškio r. sav.,,,,54.6523,22.9629,1
LT,70061,Mažučių k.,,,Vilkaviškio r. sav.,,,,54.6267,22.8169,3
LT,70065,Žagrėnų k.,,,Vilkaviškio r. sav.,,,,54.6356,22.7383,3
LT,70069,Miestlaukio k.,,,Vilkaviškio r. sav.,,,,54.6311,22.7776,1
LT,70073,Bobių k.,,,Vilkaviškio r. sav.,,,,54.6523,22.9629,1
LT,70085,Našiškių k.,,,Vilkaviškio r. sav.,,,,54.7167,23.2167,3
LT,71001,SB „Rasa“,,,Šakių r. sav.,,,,54.9547,23.0358,3
LT,71005,Zypliškės k.,,,Šakių r. sav.,,,,54.95,23.1833,3
LT,71009,Vidušilio k.,,,Šakių r. sav.,,,,54.9524,23.1096,1
LT,71013,Kreivių k.,,,Šakių r. sav.,,,,55.0667,23.4417,1
LT,71017,Jokūbonių k.,,,Šakių r. sav.,,,,55.0667,23.4417,3
LT,71021,Tirmėnų k.,,,Šakių r. sav.,,,,54.9667,23.5,3
LT,71029,Šunkarių k.,,,Kazlų Rūdos sav.,,,,54.9667,23.5,1
LT,71033,Bliuviškių k.,,,Šakių r. sav.,,,,54.9386,23.1607,1
LT,71037,Gerulių k.,,,Šakių r. sav.,,,,54.9386,23.1607,1
LT,71041,Lypkų k.,,,Šakių r. sav.,,,,54.85,23.1667,3
LT,71045,Pavingrupių k.,,,Šakių r. sav.,,,,54.8,23.0167,3
LT,71049,Miknaičių k.,,,Šakių r. sav.,,,,54.7731,22.8631,3
LT,71057,Užpjaunių k.,,,Šakių r. sav.,,,,54.8794,22.9819,3
LT,71061,Gustainiškių k.,,,Šakių r. sav.,,,,54.9386,23.1607,1
LT,71065,Slavikų k.,,,Šakių r. sav.,,,,54.9386,23.1607,1
LT,71069,Duobiškėlių k.,,,Šakių r. sav.,,,,54.9386,23.1607,1
LT,71073,Burbiškių k.,,,Šakių r. sav.,,,,54.9386,23.1607,1
LT,71077,Grinaičių k.,,,Šakių r. sav.,,,,54.9386,23.1607,1
LT,71081,Kregždančių k.,,,Šakių r. sav.,,,,55.0792,22.9758,1
LT,71085,Gelgaudiškis,,,Šakių r. sav.,,,,55.0792,22.9758,4
LT,71093,Pavirangių k.,,,Šakių r. sav.,,,,54.9386,23.1607,1
LT,72001,Dacijonų k.,,,Tauragės r. sav.,,,,55.2522,22.2897,3
LT,72028,Šakininkų ll k.,,,Pagėgių sav.,,,,54.85,23.9667,3
LT,73001,Dargaičių k.,,,Tauragės r. sav.,,,,55.2436,22.4658,3
LT,73004,Paikojų ll k.,,,Tauragės r. sav.,,,,55.2436,22.4658,1
LT,73010,Kalėnų k.,,,Tauragės r. sav.,,,,55.3108,22.0308,1
LT,73014,Šikšnių k.,,,Tauragės r. sav.,,,,55.3108,22.0308,1
LT,73017,Pryšmantų k.,,,Tauragės r. sav.,,,,55.3108,22.0308,3
LT,73021,Balskų k.,,,Tauragės r. sav.,,,,55.365,22.2328,3
LT,73025,Vaitimėnų k.,,,Tauragės r. sav.,,,,55.3858,22.4085,1
LT,73028,Pilsūdų k.,,,Tauragės r. sav.,,,,55.4067,22.5842,3
LT,73032,Batakių glžk. st.,,,Tauragės r. sav.,,,,55.3494,22.5142,3
LT,74001,Jurbarkas,,,Jurbarko r. sav.,,,,55.0778,22.7664,4
LT,74006,Jurbarkų k.,,,Jurbarko r. sav.,,,,55.0767,22.6731,1
LT,74009,Smalininkai,,,Jurbarko r. sav.,,,,55.0756,22.5797,4
LT,74012,Apšriūtų k.,,,Jurbarko r. sav.,,,,55.0742,22.3842,3
LT,74015,Džiugų k.,,,Jurbarko r. sav.,,,,55.0742,22.3842,1
LT,74018,Dargaitėlių k.,,,Jurbarko r. sav.,,,,55.0742,22.3842,1
LT,74021,Eržvilkas,,,Jurbarko r. sav.,,,,55.2631,22.7211,4
LT,74024,Kubiliškės k.,,,Jurbarko r. sav.,,,,55.2631,22.7211,1
LT,74027,Verėpų k.,,,Jurbarko r. sav.,,,,55.2631,22.7211,1
LT,74030,Lapgirių k.,,,Jurbarko r. sav.,,,,55.2553,22.9189,3
LT,74033,Kniečių k.,,,Jurbarko r. sav.,,,,55.2303,22.9947,3
LT,74036,Šambaravos k.,,,Jurbarko r. sav.,,,,55.1833,23.0833,3
LT,74039,Šiaulių k.,,,Jurbarko r. sav.,,,,55.223,22.999,1
LT,74042,Užringio k.,,,Jurbarko r. sav.,,,,54.9419,22.9953,1
LT,74045,Žardiškių k.,,,Jurbarko r. sav.,,,,54.9419,22.9953,1
LT,74048,Stačiūnų k.,,,Jurbarko r. sav.,,,,54.9419,22.9953,3
LT,74051,Grivančių k.,,,Jurbarko r. sav.,,,,55.0833,23.4167,3
LT,74054,Tamošių k.,,,Jurbarko r. sav.,,,,55.0917,23.275,1
LT,74057,Miškų k.,,,Jurbarko r. sav.,,,,55.1,23.1333,3
LT,74060,Šilinės k.,,,Jurbarko r. sav.,,,,55.1285,22.8994,1
LT,74063,Jakaičių k.,,,Jurbarko r. sav.,,,,55.1285,22.8994,1
LT,75001,Bokštų k.,,,Šilalės r. sav.,,,,55.4906,22.1814,3
LT,75008,Kiaukų k.,,,Šilalės r. sav.,,,,55.4906,22.1814,1
LT,75011,Pagirdiškės k.,,,Šilalės r. sav.,,,,55.4492,22.445,1
LT,75014,Petkalnio k.,,,Šilalės r. sav.,,,,55.4492,22.445,3
LT,75017,Didkiemio k.,,,Šilalės r. sav.,,,,55.4492,22.445,1
LT,75020,Tūbučių k.,,,Šilalės r. sav.,,,,55.4242,22.0251,3
LT,75023,Vidgirės k.,,,Šilalės r. sav.,,,,55.4617,21.9122,3
LT,75026,Degimų k.,,,Šilalės r. sav.,,,,55.4672,21.9882,1
LT,75029,Capiškių k.,,,Šilalės r. sav.,,,,55.5589,21.9903,3
LT,75032,Palokysčio k.,,,Šilalės r. sav.,,,,55.6269,22.1983,1
LT,75035,Šiauduvos k.,,,Šilalės r. sav.,,,,55.6269,22.1983,1
LT,75038,Burbiškių k.,,,Šilalės r. sav.,,,,55.6269,22.1983,3
LT,75041,Medvėgalio k.,,,Šilalės r. sav.,,,,55.5639,22.4514,1
LT,75044,Sodalės k.,,,Šilalės r. sav.,,,,55.5639,22.4514,3
LT,75047,Laukdvarių k.,,,Šilalės r. sav.,,,,55.5639,22.4514,1
LT,76001,SB „Šventupis“,,,Šiaulių r. sav.,,,,55.9333,23.3167,3
LT,78007,Šiauliai,,,Šiaulių m. sav.,,,,55.9333,23.3167,4
LT,79001,SB „Ąžuolas“,,,Šiaulių m. sav.,,,,55.9333,23.3167,3
LT,80001,Bacionių k.,,,Šiaulių r. sav.,,,,55.9167,23.4333,3
LT,80010,Bernotų k.,,,Šiaulių r. sav.,,,,55.8,23.1333,3
LT,80013,Aukštelkės k.,,,Šiaulių r. sav.,,,,55.8167,23.0917,1
LT,80016,Bubių k.,,,Šiaulių r. sav.,,,,55.8167,23.0917,1
LT,80019,Kurtuvėnai,,,Šiaulių r. sav.,,,,55.8333,23.05,4
LT,80025,Gošteliškės k.,,,Šiaulių r. sav.,,,,55.9828,23.1311,1
LT,80028,Kužiai,,,Šiaulių r. sav.,,,,55.9828,23.1311,4
LT,81001,SB „Paventys“,,,Šiaulių r. sav.,,,,55.985,22.9189,3
LT,81006,Dirvonėnų vienk.,,,Šiaulių r. sav.,,,,55.985,22.9189,1
LT,81009,Raudėnų k.,,,Šiaulių r. sav.,,,,55.985,22.9189,1
LT,81015,Šakyna,,,Šiaulių r. sav.,,,,56.1794,23.1244,4
LT,81018,Šiupylių k.,,,Šiaulių r. sav.,,,,56.1794,23.1244,1
LT,81021,Verbūnų k.,,,Šiaulių r. sav.,,,,56.074,23.2347,1
LT,81024,Dimšių k.,,,Šiaulių r. sav.,,,,56.074,23.2347,3
LT,81030,Naisių vienk.,,,Šiaulių r. sav.,,,,56.0781,23.1282,1
LT,81033,Ginkūnų k.,,,Šiaulių r. sav.,,,,56.0781,23.1282,1
LT,82001,Kalnų k.,,,Radviliškio r. sav.,,,,55.8417,23.5167,3
LT,82007,Dišlių k.,,,Radviliškio r. sav.,,,,55.7,23.875,3
LT,82010,Miškių k.,,,Radviliškio r. sav.,,,,55.691,23.6321,1
LT,82025,SB „Rūta“,,,Radviliškio r. sav.,,,,55.6333,23.7167,3
LT,82028,Skėmių k.,,,Radviliškio r. sav.,,,,55.6333,23.7167,1
LT,82034,Vedreikių k.,,,Radviliškio r. sav.,,,,55.5667,23.6333,3
LT,82037,Pašušvys,,,Radviliškio r. sav.,,,,55.5833,23.6,4
LT,82040,Jankaičių k.,,,Radviliškio r. sav.,,,,55.5833,23.4167,3
LT,82043,Šiaulėnai,,,Radviliškio r. sav.,,,,55.6833,23.4,4
LT,82046,Tyruliai,,,Radviliškio r. sav.,,,,55.7833,23.35,4
LT,82052,Aukštelkų k.,,,Radviliškio r. sav.,,,,55.85,23.6333,3
LT,82055,Alksniupių k.,,,Radviliškio r. sav.,,,,55.6889,23.7722,1
LT,82058,Vainiūnų k.,,,Radviliškio r. sav.,,,,55.6083,23.8417,3
LT,83001,Valainių k.,,,Pakruojo r. sav.,,,,55.9667,23.8667,3
LT,83004,Klovainiai,,,Pakruojo r. sav.,,,,55.9333,23.95,4
LT,83013,Dulkiškių k.,,,Pakruojo r. sav.,,,,56.0701,23.8769,1
LT,83022,Beinoraičių k.,,,Pakruojo r. sav.,,,,56.0042,23.6558,3
LT,83025,Mažionių k.,,,Pakruojo r. sav.,,,,56.0818,23.736,1
LT,83028,Vaiškonių k.,,,Pakruojo r. sav.,,,,56.1594,23.8161,3
LT,83031,Aleksejevkos k.,,,Pakruojo r. sav.,,,,56.2717,24,1
LT,83034,Gedeikonių k.,,,Pakruojo r. sav.,,,,56.2717,24,3
LT,83037,Antkalnių k.,,,Pakruojo r. sav.,,,,56.2717,24,1
LT,83040,Uniūnų k.,,,Pakruojo r. sav.,,,,56.0856,23.9725,1
LT,83046,Zimbiškių k.,,,Pakruojo r. sav.,,,,56.0856,23.9725,3
LT,83052,Mickūnų k.,,,Pakruojo r. sav.,,,,56.0701,23.8769,1
LT,84001,Balkaičių k.,,,Joniškio r. sav.,,,,56.2403,23.6153,3
LT,84007,Jakiškių k.,,,Joniškio r. sav.,,,,56.2403,23.6153,1
LT,84010,Rudiškių k.,,,Joniškio r. sav.,,,,56.3592,23.25,1
LT,84016,Tarbūčių k.,,,Joniškio r. sav.,,,,56.3592,23.25,1
LT,84019,SB „Žvelgaitis“,,,Joniškio r. sav.,,,,56.3592,23.25,3
LT,84025,Lankaičių k.,,,Joniškio r. sav.,,,,56.3072,23.3861,3
LT,84028,Sidabrynės ll k.,,,Joniškio r. sav.,,,,56.3072,23.3861,1
LT,84031,Butaučių k.,,,Joniškio r. sav.,,,,56.3022,23.4171,1
LT,84034,Melnių k.,,,Joniškio r. sav.,,,,56.3022,23.4171,1
LT,84037,Valakų k.,,,Joniškio r. sav.,,,,56.3022,23.4171,1
LT,85001,SB „Eibučiai“,,,Akmenės r. sav.,,,,56.3167,22.9,3
LT,85007,Kruopiai,,,Akmenės r. sav.,,,,56.2422,23.0189,4
LT,85010,Šiaudinės k.,,,Akmenės r. sav.,,,,56.15,22.8,3
LT,85013,Alkiškių k.,,,Akmenės r. sav.,,,,56.175,22.75,1
LT,85019,SB „Avižlys“,,,Akmenės r. sav.,,,,56.2,22.7,3
LT,85022,Žiopelių k.,,,Akmenės r. sav.,,,,56.25,22.75,3
LT,85037,Kivylių k.,,,Akmenės r. sav.,,,,56.2318,22.8338,1
LT,86001,Minergių k.,,,Kelmės r. sav.,,,,55.6339,22.9342,3
LT,86011,Žarų k.,,,Kelmės r. sav.,,,,55.5667,22.95,1
LT,86017,Drupstų k.,,,Kelmės r. sav.,,,,55.5667,22.95,3
LT,86026,Plūsčių k.,,,Kelmės r. sav.,,,,55.6031,22.6903,3
LT,86036,Valkų k.,,,Kelmės r. sav.,,,,55.7803,22.6547,3
LT,86043,Juodlės k.,,,Kelmės r. sav.,,,,55.8111,22.8831,3
LT,86046,Ubesio k.,,,Kelmės r. sav.,,,,55.8111,22.8831,1
LT,86052,Gailiškės k.,,,Kelmės r. sav.,,,,55.6403,22.8083,1
LT,86061,Agailių k.,,,Kelmės r. sav.,,,,55.6,23.2,3
LT,86065,Žirnainių k.,,,Kelmės r. sav.,,,,55.5894,22.6541,3
LT,87001,SB „Pavasaris“,,,Telšių r. sav.,,,,55.9814,22.2472,3
LT,88001,Degaičių k.,,,Telšių r. sav.,,,,56.0167,22.3667,1
LT,88006,Krugeliškės k.,,,Telšių r. sav.,,,,56.0167,22.3667,3
LT,88011,Tryškiai,,,Telšių r. sav.,,,,56.0667,22.5833,4
LT,88019,Giralės k.,,,Telšių r. sav.,,,,55.8849,22.4553,3
LT,88028,Dirvonėnų k.,,,Telšių r. sav.,,,,55.9456,22.3986,1
LT,88033,Pamaročio k.,,,Telšių r. sav.,,,,55.8947,22.5258,3
LT,88050,Barstėgų k.,,,Telšių r. sav.,,,,55.7406,22.3644,3
LT,88061,Vertininkų k.,,,Telšių r. sav.,,,,55.8394,22.2056,3
LT,88068,Dargvainių k.,,,Telšių r. sav.,,,,55.8394,22.2056,1
LT,88075,Brėvikių k.,,,Telšių r. sav.,,,,56.0667,22.2167,3
LT,88085,Nevarėnai,,,Telšių r. sav.,,,,56.1,22.2833,4
LT,88094,Nerimdaičiai,,,Telšių r. sav.,,,,56.0833,22.4167,4
LT,89001,Mažeikiai,,,Mažeikių r. sav.,,,,56.3167,22.3333,4
LT,89021,Buknaičių k.,,,Mažeikių r. sav.,,,,56.35,22.2917,3
LT,89031,SB „Linelis“,,,Mažeikių r. sav.,,,,56.2667,22.3167,3
LT,89046,Lėlaičių k.,,,Mažeikių r. sav.,,,,56.3104,22.3167,1
LT,89051,Rubikų k.,,,Mažeikių r. sav.,,,,56.1667,22.1,3
LT,89066,Kukių k.,,,Mažeikių r. sav.,,,,56.3104,22.3167,1
LT,89071,Obeliškių k.,,,Mažeikių r. sav.,,,,56.4167,22.1167,1
LT,89076,Ventos Stotis,,,Mažeikių r. sav.,,,,56.4167,22.1167,1
LT,89079,Kentaučių k.,,,Mažeikių r. sav.,,,,56.4167,22.1167,3
LT,89082,Griežės k.,,,Mažeikių r. sav.,,,,56.3833,22.5667,1
LT,89085,Auksūdžio k.,,,Mažeikių r. sav.,,,,56.3833,22.5667,3
LT,89091,Žalionės k.,,,Mažeikių r. sav.,,,,56.2333,22.5167,1
LT,89094,Rekečių k.,,,Mažeikių r. sav.,,,,56.2333,22.5167,3
LT,89097,Nabuilių k.,,,Mažeikių r. sav.,,,,56.2333,22.5167,1
LT,90001,SB „Linelis“,,,Plungės r. sav.,,,,55.9114,21.8442,3
LT,90006,Šašaičių k.,,,Plungės r. sav.,,,,55.9114,21.8442,1
LT,90009,Gaižupių k.,,,Plungės r. sav.,,,,55.9114,21.8442,1
LT,90012,Užpelių k.,,,Rietavo sav.,,,,55.7194,21.9311,1
LT,90015,Eidininkų k.,,,Rietavo sav.,,,,55.7194,21.9311,1
LT,90018,Jankaičių k.,,,Rietavo sav.,,,,55.7194,21.9311,3
LT,90021,Lekemės k.,,,Plungės r. sav.,,,,55.8,21.65,1
LT,90024,Blidakių k.,,,Plungės r. sav.,,,,55.8,21.65,3
LT,90027,Pakutuvėnų k.,,,Plungės r. sav.,,,,55.8,21.65,1
LT,90030,Godelių k.,,,Plungės r. sav.,,,,56.0833,21.9167,1
LT,90036,Mikytų k.,,,Plungės r. sav.,,,,56.05,21.8167,3
LT,90039,Žemaičių Kalvarija,,,Plungės r. sav.,,,,56.1167,22.0167,4
LT,90042,Aleksių k.,,,Plungės r. sav.,,,,56.0333,22.05,3
LT,90045,Svirplių k.,,,Plungės r. sav.,,,,56.0333,22.05,1
LT,91001,Klipščių k.,,,Klaipėdos r. sav.,,,,55.7172,21.1175,3
LT,91022,Dvylių k.,,,Klaipėdos r. sav.,,,,55.7172,21.1175,1
LT,91023,Jokūbavo k.,,,Kretingos r. sav.,,,,55.7172,21.1175,1
LT,93012,Neringa,,,Neringos sav.,,,,55.3719,21.0647,4
LT,93017,Neringa,,,Neringos sav.,,,,55.3719,21.0647,4
LT,94007,Laistų k.,,,Klaipėdos r. sav.,,,,55.7172,21.1175,3
LT,96001,SB„Vaiteliai“,,,Klaipėdos r. sav.,,,,55.7128,21.4033,3
LT,96008,Pajuodupio k.,,,Klaipėdos r. sav.,,,,55.7167,21.4833,3
LT,96011,Vaidaugų k.,,,Klaipėdos r. sav.,,,,55.6619,21.3572,3
LT,96014,Grauminės k.,,,Klaipėdos r. sav.,,,,55.7833,21.2833,3
LT,96020,Griežių k.,,,Klaipėdos r. sav.,,,,55.6006,21.5969,1
LT,96026,Jucaičių k.,,,Klaipėdos r. sav.,,,,55.6006,21.5969,3
LT,96032,Kurmių k.,,,Klaipėdos r. sav.,,,,55.5833,21.8167,3
LT,96035,Raukų k.,,,Klaipėdos r. sav.,,,,55.5833,21.8167,1
LT,96041,Švepelių k.,,,Klaipėdos r. sav.,,,,55.6851,21.2633,1
LT,96044,Šlikių k.,,,Klaipėdos r. sav.,,,,55.8167,21.2,3
LT,96047,SB „Gilė“,,,Klaipėdos r. sav.,,,,55.5536,21.3267,3
LT,97001,SB „Žemaitija“,,,Kretingos r. sav.,,,,55.8758,21.2508,3
LT,97011,SB „Medvalkis“,,,Kretingos r. sav.,,,,55.9701,21.3861,1
LT,97014,Ankštakių k.,,,Kretingos r. sav.,,,,55.9701,21.3861,1
LT,97017,Pajuodupių k.,,,Kretingos r. sav.,,,,55.9701,21.3861,1
LT,97023,Kašučių k.,,,Kretingos r. sav.,,,,56.0167,21.25,3
LT,97029,Dirgalio k.,,,Kretingos r. sav.,,,,56.0167,21.25,1
LT,97035,Dvaralio k.,,,Kretingos r. sav.,,,,56.0667,21.5667,3
LT,97038,Nasrėnų k.,,,Kretingos r. sav.,,,,56.0667,21.5667,1
LT,97041,Sakuočių k.,,,Kretingos r. sav.,,,,55.9211,21.4769,3
LT,98001,Kulų ll k.,,,Skuodo r. sav.,,,,56.2667,21.5333,3
LT,98008,Šulpetrių k.,,,Skuodo r. sav.,,,,56.2667,21.5333,1
LT,98014,Aubrikių k.,,,Skuodo r. sav.,,,,56.1667,21.8667,3
LT,98017,Šačių k.,,,Skuodo r. sav.,,,,56.1667,21.8667,1
LT,98023,Dvarviečių k.,,,Skuodo r. sav.,,,,56.1667,21.5833,1
LT,98026,Palšių k.,,,Skuodo r. sav.,,,,56.1667,21.5833,3
LT,98032,Šekų k.,,,Skuodo r. sav.,,,,56.1833,21.3167,1
LT,98038,Žemytės k.,,,Skuodo r. sav.,,,,56.1833,21.3167,3
LT,98041,Dilbikių k.,,,Skuodo r. sav.,,,,56.2133,21.63,1
LT,98044,Gėsalų k.,,,Skuodo r. sav.,,,,56.2133,21.63,1
LT,98047,Truikinų k.,,,Skuodo r. sav.,,,,56.2133,21.63,1
LT,98050,Viliotės Užpelkio k.,,,Skuodo r. sav.,,,,56.2833,21.85,3
LT,99001,Rūgalių k.,,,Šilutės r. sav.,,,,55.3489,21.4831,3
LT,99005,Laugalių k.,,,Šilutės r. sav.,,,,55.3592,21.7022,3
LT,99011,Mediškiemių k.,,,Šilutės r. sav.,,,,55.2867,21.8278,3
LT,99014,Giegždų k.,,,Pagėgių sav.,,,,55.2867,21.8278,1
LT,99023,Opstainio k.,,,Pagėgių sav.,,,,55.12,22.1286,3
LT,99032,Anužių k.,,,Pagėgių sav.,,,,55.1381,21.9089,3
LT,99035,Dinkių k.,,,Pagėgių sav.,,,,55.1381,21.9089,1
LT,99038,Dėkintų k.,,,Šilutės r. sav.,,,,55.1381,21.9089,1
LT,99044,Vyžių k.,,,Šilutės r. sav.,,,,55.2964,21.3758,1
LT,99047,Rupkalvių k.,,,Šilutės r. sav.,,,,55.2964,21.3758,3
LT,99050,Lankupių k.,,,Šilutės r. sav.,,,,55.4181,21.2633,3
LT,99053,Stankaičių k.,,,Šilutės r. sav.,,,,55.4181,21.2633,3
LT,99056,Gedikų k.,,,Šilutės r. sav.,,,,55.5197,21.6208,3
LT,99060,Bružų k.,,,Šilutės r. sav.,,,,55.3858,21.7631,1
LT,99063,Snukalių k.,,,Šilutės r. sav.,,,,55.4067,21.6617,3
LT,99069,Gorainių k.,,,Šilutės r. sav.,,,,55.365,21.8644,3
