Fort-de-France,97200,14.6089,-61.0733
Fort-de-France,97201 CEDEX,14.6089,-61.0733
Fort-de-France,97202 CEDEX,14.6089,-61.0733
Fort-de-France,97203 CEDEX,14.6089,-61.0733
Fort-de-France,97204 CEDEX,14.6089,-61.0733
Fort-de-France,97205 CEDEX,14.6089,-61.0733
Fort-de-France,97206 CEDEX,14.6089,-61.0733
Fort-de-France,97207 CEDEX,14.6089,-61.0733
Fort-de-France,97208 CEDEX,14.6089,-61.0733
Fort-de-France,97209 CEDEX,14.6089,-61.0733
Le Lamentin,97210 CEDEX 2,14.608,-61.0093
Rivière-Pilote,97211,14.4775,-60.9035
Saint-Joseph,97212,14.6679,-61.0456
Le Gros-Morne,97213,14.7,-61.0
Le Lorrain,97214,14.8329,-61.0567
Rivière-Salée,97215,14.5272,-60.9781
Ajoupa-Bouillon,97216,14.8167,-61.1167
Les Anses-d'Arlet,97217,14.4833,-61.0833
Grand'Rivière,97218,14.8735,-61.1795
Fort-de-France,97219 CEDEX,14.6089,-61.0733
La Trinité,97220,14.7376,-60.9629
Le Carbet,97221,14.7103,-61.1824
Case-Pilote,97222,14.6428,-61.1385
Le Diamant,97223,14.4795,-61.027
Ducos,97224,14.5753,-60.9745
Marigot,97225,14.8225,-61.0313
Le Morne-Vert,97226,14.7,-61.1333
Sainte-Anne,97227,14.4331,-60.8811
Sainte-Luce,97228,14.4673,-60.9271
Les Trois-Îlets,97229,14.539,-61.0361
Sainte-Marie,97230,14.7839,-60.9927
Le Robert,97231,14.6775,-60.9423
Le Lamentin,97232,14.608,-61.0093
Schœlcher,97233,14.6177,-61.099
Fort-de-France,97234,14.6089,-61.0733
Le François,97240,14.6156,-60.9031
Fort-de-France,97241 CEDEX,14.6089,-61.0733
Fort-de-France,97242 CEDEX,14.6089,-61.0733
Fort-de-France,97243 CEDEX,14.6089,-61.0733
Fort-de-France,97244 CEDEX,14.6089,-61.0733
Fort-de-France,97245 CEDEX,14.6089,-61.0733
Fort-de-France,97246 CEDEX,14.6089,-61.0733
Fort-de-France,97247 CEDEX,14.6089,-61.0733
Fort-de-France,97248 CEDEX,14.6089,-61.0733
Fort-de-France,97249 CEDEX,14.6089,-61.0733
Fonds-Saint-Denis,97250,14.7333,-61.1333
Fort-de-France,97251 CEDEX,14.6089,-61.0733
Fort-de-France,97252 CEDEX,14.6089,-61.0733
Fort-de-France,97253 CEDEX,14.6089,-61.0733
Fort-de-France,97254 CEDEX,14.6089,-61.0733
Fort-de-France,97255 CEDEX,14.6089,-61.0733
Fort-de-France,97256 CEDEX,14.6089,-61.0733
Fort-de-France,97257 CEDEX,14.6089,-61.0733
Fort-de-France,97258 CEDEX,14.6089,-61.0733
Fort-de-France,97259 CEDEX,14.6089,-61.0733
Le Morne-Rouge,97260,14.7667,-61.1333
Fort-de-France,97261 CEDEX,14.6089,-61.0733
Fort-de-France,97262 CEDEX,14.6089,-61.0733
Fort-de-France,97263 CEDEX,14.6089,-61.0733
Fort-de-France,97264 CEDEX,14.6089,-61.0733
Fort-de-France,97265 CEDEX,14.6089,-61.0733
Fort-de-France,97266 CEDEX,14.6089,-61.0733
Fort-de-France,97267 CEDEX,14.6089,-61.0733
Fort-de-France,97268 CEDEX,14.6089,-61.0733
Fort-de-France,97269 CEDEX,14.6089,-61.0733
Saint-Esprit,97270,14.55,-60.9333
Schœlcher,97271 CEDEX,14.6177,-61.099
Schœlcher,97272 CEDEX,14.6177,-61.099
Schœlcher,97273 CEDEX,14.6177,-61.099
Schœlcher,97274 CEDEX,14.6177,-61.099
Schœlcher,97275 CEDEX,14.6177,-61.099
Schœlcher,97276 CEDEX,14.6177,-61.099
Schœlcher,97277 CEDEX,14.6177,-61.099
Schœlcher,97278 CEDEX,14.6177,-61.099
Schœlcher,97279 CEDEX,14.6177,-61.099
Le Vauclin,97280,14.5452,-60.8388
Le Lamentin,97281 CEDEX 1,14.608,-61.0093
Le Lamentin,97282 CEDEX 1,14.608,-61.0093
Le Lamentin,97283 CEDEX 1,14.608,-61.0093
Le Lamentin,97284 CEDEX 2,14.608,-61.0093
Le Lamentin,97285 CEDEX 2,14.608,-61.0093
Le Lamentin,97286 CEDEX 2,14.608,-61.0093
Le Lamentin,97287 CEDEX 2,14.608,-61.0093
Le Lamentin,97288 CEDEX 2,14.608,-61.0093
Le Lamentin,97289 CEDEX 2,14.608,-61.0093
Le Marin,97290,14.4721,-60.8697
Le Lamentin,97291 CEDEX 2,14.608,-61.0093
Le Lamentin,97292 CEDEX 2,14.608,-61.0093
Le Lamentin,97293 CEDEX 2,14.608,-61.0093
Le Lamentin,97294 CEDEX 2,14.608,-61.0093
Le Lamentin,97295 CEDEX 2,14.608,-61.0093
Le Lamentin,97296 CEDEX 2,14.608,-61.0093
Le Lamentin,97297 CEDEX 2,14.608,-61.0093
Le Lamentin,97298 CEDEX 2,14.608,-61.0093
Fort-de-France,97299 CEDEX,14.6089,-61.0733
