Sainte-Clotilde,97491 CEDEX,-20.8916,55.4787
Sainte-Clotilde,97492 CEDEX,-20.8916,55.4787
Sainte-Clotilde,97493 CEDEX,-20.8916,55.4787
Sainte-Clotilde,97494 CEDEX,-20.8916,55.4787
Sainte-Clotilde,97495 CEDEX,-20.8916,55.4787
Sainte-Clotilde,97496 CEDEX,-20.8916,55.4787
Sainte-Clotilde,97497 CEDEX,-20.8916,55.4787
Saint-Denis,97400,-20.8823,55.4504
Saint-Denis,97401 CEDEX,-20.8823,55.4504
Saint-Denis,97402 CEDEX,-20.8823,55.4504
Saint-Denis,97403 CEDEX,-20.8823,55.4504
Saint-Denis,97404 CEDEX,-20.8823,55.4504
Saint-Denis,97405 CEDEX,-20.8823,55.4504
Saint-Denis,97406 CEDEX 9,-20.8823,55.4504
Saint-Denis,97408 CEDEX 9,-20.8823,55.4504
Saint-Denis,97409 CEDEX 9,-20.8823,55.4504
Saint-Pierre,97410,-21.3393,55.4781
Saint-Paul,97411,-21.0096,55.2707
Bras-Panon,97412,-20.9967,55.6782
Cilaos,97413,-21.1336,55.4719
L'Entre-Deux,97414,-21.2333,55.4667
Saint-Leu,97416,-21.1706,55.2882
Saint-Denis,97417,-20.8823,55.4504
Le Tampon,97418,-21.2831,55.518
La Possession,97419,-20.9289,55.3351
Le Port,97420,-20.9373,55.2919
La Rivière,97421,-21.2595,55.4405
Saint-Paul,97422,-21.0096,55.2707
Saint-Paul,97423,-21.0096,55.2707
Saint-Leu,97424,-21.1706,55.2882
Les Avirons,97425,-21.2418,55.3394
Trois-Bassins,97426,-21.1,55.3
L'Étang-Salé,97427,-21.25,55.3833
Petite-Île,97429,-21.35,55.5667
Le Tampon,97430,-21.2831,55.518
La Plaine-des-Palmistes,97431,-21.1167,55.6333
Saint-Pierre,97432,-21.3393,55.4781
Salazie,97433,-21.0273,55.539
Saint-Paul,97434,-21.0096,55.2707
Saint-Paul,97435,-21.0096,55.2707
Saint-Leu,97436,-21.1706,55.2882
Saint-Benoît,97437,-21.038,55.7194
Sainte-Marie,97438,-20.8968,55.5496
Sainte-Rose,97439,-21.1298,55.7963
Saint-André,97440,-20.9633,55.6503
Sainte-Suzanne,97441,-20.9061,55.6089
Saint-Philippe,97442,-21.3585,55.768
Saint-Pierre,97445 CEDEX,-21.3393,55.4781
Saint-Pierre,97446 CEDEX,-21.3393,55.4781
Saint-Pierre,97447 CEDEX,-21.3393,55.4781
Saint-Pierre,97448 CEDEX,-21.3393,55.4781
Saint-Pierre,97449 CEDEX,-21.3393,55.4781
Saint-Louis,97450,-21.2858,55.4112
Saint-Pierre,97451 CEDEX,-21.3393,55.4781
Saint-Pierre,97452 CEDEX,-21.3393,55.4781
Saint-Pierre,97453 CEDEX,-21.3393,55.4781
Saint-Pierre,97454 CEDEX,-21.3393,55.4781
Saint-Pierre,97455 CEDEX,-21.3393,55.4781
Saint-Pierre,97456 CEDEX,-21.3393,55.4781
Saint-Pierre,97457 CEDEX,-21.3393,55.4781
Saint-Pierre,97458 CEDEX,-21.3393,55.4781
Saint-Pierre,97459 CEDEX,-21.3393,55.4781
Saint-Paul,97460,-21.0096,55.2707
Saint-Denis,97461 CEDEX,-20.8823,55.4504
Saint-Denis,97462 CEDEX,-20.8823,55.4504
Saint-Denis,97463 CEDEX,-20.8823,55.4504
Saint-Denis,97464 CEDEX,-20.8823,55.4504
Saint-Denis,97465 CEDEX,-20.8823,55.4504
Saint-Denis,97466 CEDEX,-20.8823,55.4504
Saint-Denis,97467 CEDEX,-20.8823,55.4504
Saint-Denis,97468 CEDEX,-20.8823,55.4504
Saint-Denis,97469 CEDEX,-20.8823,55.4504
Saint-Benoît,97470,-21.038,55.7194
Saint-Denis,97471 CEDEX,-20.8823,55.4504
Saint-Denis,97472 CEDEX,-20.8823,55.4504
Saint-Denis,97473 CEDEX,-20.8823,55.4504
Saint-Denis,97474 CEDEX,-20.8823,55.4504
Saint-Denis,97475 CEDEX,-20.8823,55.4504
Saint-Denis,97476 CEDEX,-20.8823,55.4504
Saint-Denis,97477 CEDEX,-20.8823,55.4504
Saint-Denis,97478 CEDEX,-20.8823,55.4504
Saint-Denis,97479 CEDEX,-20.8823,55.4504
Saint-Joseph,97480,-21.3784,55.6192
Saint-Denis,97481 CEDEX,-20.8823,55.4504
Saint-Denis,97482 CEDEX,-20.8823,55.4504
Saint-Denis,97483 CEDEX,-20.8823,55.4504
Saint-Denis,97484 CEDEX,-20.8823,55.4504
Saint-Denis,97485 CEDEX,-20.8823,55.4504
Saint-Denis,97486 CEDEX,-20.8823,55.4504
Saint-Denis,97487 CEDEX,-20.8823,55.4504
Saint-Denis,97488 CEDEX,-20.8823,55.4504
Saint-Denis,97489 CEDEX,-20.8823,55.4504
Saint-Denis,97490,-20.8823,55.4504
Saint-Denis,97499 CEDEX 9,-20.8823,55.4504
Saint-Denis,97701 CEDEX 9,-20.8823,55.4504
Saint-Denis,97702 CEDEX 9,-20.8823,55.4504
Saint-Denis,97703 CEDEX 9,-20.8823,55.4504
Saint-Denis,97704 CEDEX 9,-20.8823,55.4504
Saint-Denis,97705 CEDEX 9,-20.8823,55.4504
Saint-Denis,97706 CEDEX 9,-20.8823,55.4504
Saint-Denis,97707 CEDEX 9,-20.8823,55.4504
Saint-Denis,97708 CEDEX 9,-20.8823,55.4504
Saint-Denis,97709 CEDEX 9,-20.8823,55.4504
Saint-Denis,97711 CEDEX 9,-20.8823,55.4504
Saint-Denis,97712 CEDEX 9,-20.8823,55.4504
Saint-Denis,97713 CEDEX 9,-20.8823,55.4504
Saint-Denis,97714 CEDEX 9,-20.8823,55.4504
Saint-Denis,97715 CEDEX 9,-20.8823,55.4504
Saint-Denis,97716 CEDEX 9,-20.8823,55.4504
Saint-Denis,97717 CEDEX 9,-20.8823,55.4504
Saint-Denis,97718 CEDEX 9,-20.8823,55.4504
Saint-Denis,97719 CEDEX 9,-20.8823,55.4504
Saint-Denis,97743 CEDEX 9,-20.8823,55.4504
Saint-Pierre,97751 CEDEX,-21.3393,55.4781
Saint-Denis,97801 CEDEX 9,-20.8823,55.4504
Saint-Denis,97802 CEDEX 9,-20.8823,55.4504
Saint-Denis,97803 CEDEX 9,-20.8823,55.4504
Saint-Denis,97804 CEDEX 9,-20.8823,55.4504
Saint-Denis,97805 CEDEX 9,-20.8823,55.4504
Saint-Denis,97806 CEDEX 9,-20.8823,55.4504
Le Port,97821 CEDEX,-20.9373,55.2919
Le Port,97822 CEDEX,-20.9373,55.2919
Le Port,97823 CEDEX,-20.9373,55.2919
Le Port,97824 CEDEX,-20.9373,55.2919
Le Port,97825 CEDEX,-20.9373,55.2919
Le Port,97826 CEDEX,-20.9373,55.2919
Le Port,97827 CEDEX,-20.9373,55.2919
Le Port,97828 CEDEX,-20.9373,55.2919
Le Port,97829 CEDEX,-20.9373,55.2919
Le Tampon,97831 CEDEX,-21.2831,55.518
Le Tampon,97832 CEDEX,-21.2831,55.518
Le Tampon,97833 CEDEX,-21.2831,55.518
Le Tampon,97834 CEDEX,-21.2831,55.518
Le Tampon,97835 CEDEX,-21.2831,55.518
Le Tampon,97836 CEDEX,-21.2831,55.518
Le Tampon,97837 CEDEX,-21.2831,55.518
Le Tampon,97838 CEDEX,-21.2831,55.518
Le Tampon,97839 CEDEX,-21.2831,55.518
Saint-Pierre,97851 CEDEX,-21.3393,55.4781
Saint-Pierre,97852 CEDEX,-21.3393,55.4781
Saint-Pierre,97853 CEDEX,-21.3393,55.4781
Saint-Paul,97861 CEDEX,-21.0096,55.2707
Saint-Paul,97862 CEDEX,-21.0096,55.2707
Saint-Paul,97863 CEDEX,-21.0096,55.2707
Saint-Paul,97864 CEDEX,-21.0096,55.2707
Saint-Paul,97865 CEDEX,-21.0096,55.2707
Saint-Paul,97866 CEDEX,-21.0096,55.2707
Saint-Paul,97867 CEDEX,-21.0096,55.2707
Saint-Paul,97868 CEDEX,-21.0096,55.2707
Saint-Louis,97872 CEDEX,-21.2858,55.4112
Saint-Louis,97899 CEDEX,-21.2858,55.4112
