SK,974 01,Kostiviarska,,BC,Banská Bystrica,601,,,48.7572,19.1425,4
SK,974 05,Kremnička,,BC,Banská Bystrica,601,,,48.6967,19.1276,4
SK,974 11,Sásová,,BC,Banská Bystrica,601,,,48.7546,19.157,4
SK,976 02,Staré Hory,,BC,Banská Bystrica,601,,,48.8391,19.1148,4
SK,976 03,Harmanec,,BC,Banská Bystrica,601,,,48.8218,19.0333,4
SK,976 11,Selce,,BC,Banská Bystrica,601,,,48.7626,19.203,4
SK,976 13,Slovenská Ľupča,,BC,Banská Bystrica,601,,,48.7653,19.2755,4
SK,976 31,Hronsek,,BC,Banská Bystrica,601,,,48.6525,19.1568,4
SK,976 32,Badín,,BC,Banská Bystrica,601,,,48.6638,19.1232,4
SK,976 33,Ponická Lehôtka,,BC,Banská Bystrica,601,,,48.6919,19.2829,3
SK,976 34,Jabriková,,BC,Banská Bystrica,601,,,48.7457,19.0653,4
SK,976 37,Hrochoť,,BC,Banská Bystrica,601,,,48.6557,19.3128,4
SK,976 39,Donovaly,,BC,Banská Bystrica,601,,,48.7007,19.1721,1
SK,976 55,Povrazník,,BC,Banská Bystrica,601,,,48.7161,19.3644,4
SK,976 61,Hiadeľ,,BC,Banská Bystrica,601,,,48.8105,19.3156,4
SK,976 62,Ondrej nad Hronom,,BC,Banská Bystrica,601,,,48.7996,19.3861,4
SK,976 81,Štiavnička,,BC,Banská Bystrica,601,,,48.8042,19.5511,4
SK,976 96,Medzibrod,,BC,Banská Bystrica,601,,,48.7943,19.3537,4
SK,966 15,Kozelník,,BC,Banská Štiavnica,602,,,48.5119,18.9974,4
SK,969 01,Štefultov,,BC,Banská Štiavnica,602,,,48.4391,18.8965,4
SK,969 72,Svätý Anton,,BC,Banská Štiavnica,602,,,48.4192,18.9401,4
SK,969 73,Prenčov,,BC,Banská Štiavnica,602,,,48.3582,18.9247,4
SK,969 81,Štiavnické Bane,,BC,Banská Štiavnica,602,,,48.4394,18.8555,4
SK,969 82,Močiar,,BC,Banská Štiavnica,602,,,48.5419,18.9464,4
SK,976 44,Mýto pod Ďumbierom,,BC,Brezno,603,,,48.7871,19.5587,1
SK,976 45,Hronec,,BC,Brezno,603,,,48.7976,19.5805,4
SK,976 46,Valaská,,BC,Brezno,603,,,48.8076,19.571,4
SK,976 51,Bruchačka,,BC,Brezno,603,,,48.7186,19.625,1
SK,976 52,Dobroč,,BC,Brezno,603,,,48.733,19.7007,4
SK,976 53,Drábsko,,BC,Brezno,603,,,48.6493,19.6554,4
SK,976 56,Pohronská Polhora,,BC,Brezno,603,,,48.7572,19.7932,4
SK,976 57,Michalová,,BC,Brezno,603,,,48.7679,19.7809,4
SK,976 63,Predajná,,BC,Brezno,603,,,48.8169,19.4609,4
SK,976 64,Pôbišovo,,BC,Brezno,603,,,48.8354,19.7584,3
SK,976 66,Polomka,,BC,Brezno,603,,,48.8523,19.8525,4
SK,976 67,Závadka nad Hronom,,BC,Brezno,603,,,48.8505,19.9115,4
SK,976 68,Heľpa,,BC,Brezno,603,,,48.861,19.9692,4
SK,976 69,Zlatno,,BC,Brezno,603,,,48.5185,19.8191,4
SK,976 71,Červená Skala,,BC,Brezno,603,,,48.8206,20.1365,4
SK,976 73,Telgárt,,BC,Brezno,603,,,48.8516,20.1885,4
SK,976 75,Jasenie,,BC,Brezno,603,,,48.8388,19.4597,4
SK,976 97,Dubová,,BC,Brezno,603,,,48.8156,19.4282,4
SK,976 98,Vajsková,,BC,Brezno,603,,,48.8246,19.5033,4
SK,977 01,Jarabá,,BC,Brezno,603,,,48.8892,19.689,4
SK,977 03,Mazorníkovo,,BC,Brezno,603,,,48.8533,19.6571,1
SK,962 02,Vígľaš,,BC,Detva,604,,,48.5632,19.3029,4
SK,962 04,Kriváň,,BC,Detva,604,,,48.5282,19.4483,4
SK,962 05,Žabica,,BC,Detva,604,,,48.5833,19.6167,4
SK,962 12,Detva,,BC,Detva,604,,,48.5608,19.4195,4
SK,962 25,Slatinské Lazy,,BC,Detva,604,,,48.499,19.3084,4
SK,962 75,Dolný Tisovník,,BC,Detva,604,,,48.3888,19.3775,4
SK,985 45,Nový Svet,,BC,Detva,604,,,48.5608,19.611,4
SK,985 51,Zubria,,BC,Detva,604,,,48.5167,19.4814,3
SK,962 41,Horný Jalšovík,,BC,Krupina,605,,,48.3193,19.1069,4
SK,962 43,Senohrad,,BC,Krupina,605,,,48.3578,19.1982,4
SK,962 44,Trpín,,BC,Krupina,605,,,48.2967,19.1403,4
SK,962 51,Selce,,BC,Krupina,605,,,48.2559,19.0429,4
SK,962 52,Duchenec,,BC,Krupina,605,,,48.255,19.1955,4
SK,962 55,Horné Rykynčice,,BC,Krupina,605,,,48.209,18.9722,4
SK,962 65,Rakovec,,BC,Krupina,605,,,48.2895,19.0039,4
SK,962 66,Sebechleby,,BC,Krupina,605,,,48.2754,18.9524,4
SK,962 68,Šipice,,BC,Krupina,605,,,48.2149,18.9126,3
SK,962 71,Kostolné Moravce,,BC,Krupina,605,,,48.1893,18.8525,4
SK,963 01,Krupina,,BC,Krupina,605,,,48.3554,19.0647,4
SK,980 33,Šurice,,BC,Lučenec,606,,,48.2336,19.914,4
SK,984 01,Opatová,,BC,Lučenec,606,,,48.3409,19.6772,4
SK,985 11,Lehôtka,,BC,Lučenec,606,,,48.3398,19.5445,4
SK,985 12,Budiná,,BC,Lučenec,606,,,48.4567,19.4785,4
SK,985 13,Polichno,,BC,Lučenec,606,,,48.4048,19.4965,4
SK,985 22,Točnica,,BC,Lučenec,606,,,48.4133,19.6423,4
SK,985 31,Mučín,,BC,Lučenec,606,,,48.2442,19.7025,4
SK,985 32,Jelšovec,,BC,Lučenec,606,,,48.2816,19.6006,4
SK,985 41,Dora,,BC,Lučenec,606,,,48.3371,19.8492,3
SK,985 42,Veľké Dravce,,BC,Lučenec,606,,,48.3464,19.8393,4
SK,985 52,Divín,,BC,Lučenec,606,,,48.4499,19.5353,4
SK,985 53,Kotmanová,,BC,Lučenec,606,,,48.4849,19.5804,4
SK,985 54,Podrečany,,BC,Lučenec,606,,,48.4042,19.5986,4
SK,985 56,Gregorova Vieska,,BC,Lučenec,606,,,48.385,19.5791,4
SK,985 57,Holiša,,BC,Lučenec,606,,,48.3081,19.7517,4
SK,985 58,Šiatorská Bukovinka,,BC,Lučenec,606,,,48.2171,19.8218,3
SK,985 59,Vidiná,,BC,Lučenec,606,,,48.3591,19.6543,4
SK,986 01,Fiľakovské Kováče,,BC,Lučenec,606,,,48.2921,19.7762,4
SK,980 12,Hrnčiarske Zalužany,,BC,Poltár,607,,,48.4064,19.8715,4
SK,980 13,Selce,,BC,Poltár,607,,,48.4575,19.8759,4
SK,985 01,Veľká Ves,,BC,Poltár,607,,,48.3819,19.6751,4
SK,985 02,Mládzovo,,BC,Poltár,607,,,48.4382,19.704,4
SK,985 03,Zlatno,,BC,Poltár,607,,,48.5185,19.8191,4
SK,985 05,Kokava nad Rimavicou,,BC,Poltár,607,,,48.5689,19.8435,4
SK,985 06,Utekáč,,BC,Poltár,607,,,48.605,19.8041,4
SK,985 07,Ľubienka,,BC,Poltár,607,,,48.5813,19.747,3
SK,985 24,Bystrička,,BC,Poltár,607,,,48.4673,19.6997,4
SK,985 25,Uhorské,,BC,Poltár,607,,,48.4718,19.749,4
SK,985 26,Chladná Studňa,,BC,Poltár,607,,,48.5563,19.7235,4
SK,987 01,Prievrana,,BC,Poltár,607,,,48.4395,19.7912,3
SK,049 01,Muránska Lehota,,BC,Revúca,608,,,48.7277,20.0482,4
SK,049 13,Hucín,,BC,Revúca,608,,,48.5642,20.2967,4
SK,049 14,Šivetice,,BC,Revúca,608,,,48.5803,20.2756,4
SK,049 16,Gemerské Teplice,,BC,Revúca,608,,,48.6331,20.2458,3
SK,049 18,Lubeník,,BC,Revúca,608,,,48.6549,20.1961,4
SK,049 61,Nandraž,,BC,Revúca,608,,,48.6077,20.1869,4
SK,049 62,Kameňany,,BC,Revúca,608,,,48.5774,20.1916,4
SK,049 64,Železník,,BC,Revúca,608,,,48.6333,20.1333,4
SK,050 01,Muránska Zdychava,,BC,Revúca,608,,,48.7376,20.1425,4
SK,982 01,Tornaľa,,BC,Revúca,608,,,48.4192,20.3257,4
SK,982 52,Gregorovce,,BC,Revúca,608,,,48.4521,20.1877,4
SK,982 62,Leváre,,BC,Revúca,608,,,48.5134,20.2552,4
SK,982 65,Ratková,,BC,Revúca,608,,,48.5914,20.0957,4
SK,982 66,Ratkovské Bystré,,BC,Revúca,608,,,48.6462,20.058,4
SK,979 01,Vyšná Pokoradz,,BC,Rimavská Sobota,609,,,48.4191,20.0194,4
SK,980 01,Pavlovce,,BC,Rimavská Sobota,609,,,48.3262,20.0823,4
SK,980 02,Jesenské,,BC,Rimavská Sobota,609,,,48.3064,20.0708,4
SK,980 03,Drňa,,BC,Rimavská Sobota,609,,,48.2627,20.1159,4
SK,980 04,Gemerské Dechtáre,,BC,Rimavská Sobota,609,,,48.2477,20.0369,4
SK,980 11,Ožďany,,BC,Rimavská Sobota,609,,,48.3782,19.8916,4
SK,980 21,Bátka,,BC,Rimavská Sobota,609,,,48.3788,20.17,4
SK,980 22,Veľký Blh,,BC,Rimavská Sobota,609,,,48.4453,20.1165,4
SK,980 23,Drienčany,,BC,Rimavská Sobota,609,,,48.4813,20.0718,4
SK,980 25,Hrušovo,,BC,Rimavská Sobota,609,,,48.5128,20.0491,4
SK,980 26,Ostrany,,BC,Rimavská Sobota,609,,,48.4949,20.0483,4
SK,980 31,Čierny Potok,,BC,Rimavská Sobota,609,,,48.6167,19.85,4
SK,980 32,Konrádovce,,BC,Rimavská Sobota,609,,,48.2998,19.9038,4
SK,980 34,Stará Bašta,,BC,Rimavská Sobota,609,,,48.181,19.9446,4
SK,980 35,Petrovce,,BC,Rimavská Sobota,609,,,48.1854,20.0205,4
SK,980 41,Bottovo,,BC,Rimavská Sobota,609,,,48.3127,20.1501,4
SK,980 42,Chrámec,,BC,Rimavská Sobota,609,,,48.2788,20.1854,4
SK,980 43,Číž - kúpele,,BC,Rimavská Sobota,609,,,48.3137,20.2804,3
SK,980 44,Vlkyňa,,BC,Rimavská Sobota,609,,,48.2821,20.301,4
SK,980 45,Kesovce,,BC,Rimavská Sobota,609,,,48.3752,20.3529,4
SK,980 50,Hubovo,,BC,Rimavská Sobota,609,,,48.3998,20.3688,4
SK,980 51,Malé Teriakovce,,BC,Rimavská Sobota,609,,,48.4386,19.9749,4
SK,980 52,Hrachovo,,BC,Rimavská Sobota,609,,,48.4654,19.9513,4
SK,980 53,Rimavská Baňa,,BC,Rimavská Sobota,609,,,48.5121,19.9413,4
SK,980 54,Rimavské Brezovo,,BC,Rimavská Sobota,609,,,48.5381,19.9573,4
SK,980 55,Klenovec,,BC,Rimavská Sobota,609,,,48.5956,19.8907,4
SK,980 61,Rimavská Píla,,BC,Rimavská Sobota,609,,,48.6491,19.9437,4
SK,981 01,Hnúšťa,,BC,Rimavská Sobota,609,,,48.5726,19.954,4
SK,982 51,Figa,,BC,Rimavská Sobota,609,,,48.3991,20.253,4
SK,982 67,Ratkovská Zdychava,,BC,Rimavská Sobota,609,,,48.6036,20.0225,4
SK,990 01,Veľké Straciny,,BC,Veľký Krtíš,610,,,48.1969,19.3978,4
SK,991 01,Šuľa,,BC,Veľký Krtíš,610,,,48.3305,19.4,3
SK,991 02,Dolná Strehová,,BC,Veľký Krtíš,610,,,48.2508,19.4888,4
SK,991 03,Dolné Strháre,,BC,Veľký Krtíš,610,,,48.2485,19.3937,4
SK,991 05,Obeckov,,BC,Veľký Krtíš,610,,,48.1699,19.3322,4
SK,991 06,Želovce,,BC,Veľký Krtíš,610,,,48.1236,19.3559,4
SK,991 07,Slovenské Ďarmoty,,BC,Veľký Krtíš,610,,,48.1135,19.2782,3
SK,991 08,Lesenice,,BC,Veľký Krtíš,610,,,48.1065,19.247,4
SK,991 09,Koláre,,BC,Veľký Krtíš,610,,,48.0692,19.2006,3
SK,991 10,Kleňany,,BC,Veľký Krtíš,610,,,48.1174,19.0739,4
SK,991 11,Balog nad Ipľom,,BC,Veľký Krtíš,610,,,48.0778,19.1309,4
SK,991 21,Pravica,,BC,Veľký Krtíš,610,,,48.317,19.4577,4
SK,991 22,Muľa,,BC,Veľký Krtíš,610,,,48.1922,19.5256,4
SK,991 23,Veľké Zlievce,,BC,Veľký Krtíš,610,,,48.1997,19.4558,4
SK,991 24,Dolné Plachtince,,BC,Veľký Krtíš,610,,,48.2,19.31,4
SK,991 25,Horné Príbelce,,BC,Veľký Krtíš,610,,,48.1956,19.253,4
SK,991 26,Nenince,,BC,Veľký Krtíš,610,,,48.1464,19.2596,4
SK,991 27,Seľany,,BC,Veľký Krtíš,610,,,48.1567,19.1897,4
SK,991 28,Vinica,,BC,Veľký Krtíš,610,,,48.1173,19.1186,4
SK,991 35,Sucháň,,BC,Veľký Krtíš,610,,,48.3139,19.2222,4
SK,991 41,Čelovce,,BC,Veľký Krtíš,610,,,48.1832,19.1433,4
SK,991 42,Hrušov,,BC,Veľký Krtíš,610,,,48.1539,19.091,4
SK,992 01,Kamenný Vrch,,BC,Veľký Krtíš,610,,,48.2413,19.3349,3
SK,960 01,Kráľová,,BC,Zvolen,611,,,48.4922,19.1823,4
SK,962 01,Zvolenská Slatina,,BC,Zvolen,611,,,48.5635,19.2599,4
SK,962 21,Lieskovec,,BC,Zvolen,611,,,48.5729,19.1925,4
SK,962 23,Očová,,BC,Zvolen,611,,,48.6004,19.2884,4
SK,962 31,Rybáre,,BC,Zvolen,611,,,48.6119,19.1522,4
SK,962 33,Budča,,BC,Zvolen,611,,,48.5738,19.0694,4
SK,962 34,Železná Breznica,,BC,Zvolen,611,,,48.6163,19.013,4
SK,962 37,Kováčová,,BC,Zvolen,611,,,48.6015,19.1025,4
SK,962 61,Podzámčok,,BC,Zvolen,611,,,48.5026,19.1129,4
SK,962 62,Bzovská Lehôtka,,BC,Zvolen,611,,,48.4141,19.1328,4
SK,962 63,Lažteky,,BC,Zvolen,611,,,48.4137,19.2234,3
SK,966 11,Hronská Breznica,,BC,Zvolen,611,,,48.5678,18.997,4
SK,966 41,Veľká Lehota,,BC,Žarnovica,612,,,48.4608,18.5607,4
SK,966 42,Malá Lehota,,BC,Žarnovica,612,,,48.4964,18.5673,4
SK,966 51,Rudno nad Hronom,,BC,Žarnovica,612,,,48.4269,18.6857,4
SK,966 52,Orovnica,,BC,Žarnovica,612,,,48.3882,18.5945,4
SK,966 53,Hronský Beňadik,,BC,Žarnovica,612,,,48.3289,18.5544,3
SK,966 61,Hodruša - Hámre,,BC,Žarnovica,612,,,48.4529,18.7625,3
SK,966 63,Banská Hodruša,,BC,Žarnovica,612,,,48.4667,18.8167,4
SK,966 71,Župkov,,BC,Žarnovica,612,,,48.5254,18.6297,4
SK,966 74,Veľké Pole,,BC,Žarnovica,612,,,48.5407,18.5652,4
SK,966 77,Ostrý Grúň,,BC,Žarnovica,612,,,48.569,18.664,4
SK,966 78,Hrabičov,,BC,Žarnovica,612,,,48.534,18.6661,4
SK,966 81,Revištské Podzámčie,,BC,Žarnovica,612,,,48.522,18.72,4
SK,968 01,Brehy,,BC,Žarnovica,612,,,48.407,18.6516,4
SK,965 01,Vieska,,BC,Žiar nad Hronom,613,,,48.5833,18.8833,4
SK,966 01,Lehôtka pod Brehmi,,BC,Žiar nad Hronom,613,,,48.5522,18.7567,3
SK,966 02,Vyhne,,BC,Žiar nad Hronom,613,,,48.5057,18.8014,4
SK,966 03,Sklené Teplice,,BC,Žiar nad Hronom,613,,,48.5285,18.8622,4
SK,966 04,Horná Ždaňa,,BC,Žiar nad Hronom,613,,,48.5689,18.7501,4
SK,966 21,Lovča,,BC,Žiar nad Hronom,613,,,48.5717,18.8158,4
SK,966 22,Slaská,,BC,Žiar nad Hronom,613,,,48.6585,18.8371,4
SK,966 23,Lovčica - Trubín,,BC,Žiar nad Hronom,613,,,48.6175,18.7902,3
SK,966 24,Janova Lehota,,BC,Žiar nad Hronom,613,,,48.655,18.7837,4
SK,967 01,Dolná Ves,,BC,Žiar nad Hronom,613,,,48.6647,18.9129,4
SK,974 04,Banská Bystrica,,BC,,,,,48.7395,19.1535,4
SK,974 09,Banská Bystrica,,BC,,,,,48.7395,19.1535,4
SK,984 03,Lučenec,,BC,,,,,48.3325,19.6671,4
SK,821 06,Podunajské Biskupice,,BL,Bratislava II,102,,,48.1325,17.2096,4
SK,821 07,Vrakuňa,,BL,Bratislava II,102,,,48.1383,17.2087,4
SK,831 07,Vajnory,,BL,Bratislava III,103,,,48.2056,17.2076,4
SK,841 03,Lamač,,BL,Bratislava IV,104,,,48.193,17.0508,4
SK,841 06,Záhorská Bystrica,,BL,Bratislava IV,104,,,48.2411,17.0382,4
SK,841 10,Devín,,BL,Bratislava IV,104,,,48.1744,16.9842,4
SK,851 10,Čunovo,,BL,Bratislava V,105,,,48.0305,17.1998,4
SK,900 31,Stupava,,BL,Malacky,106,,,48.2747,17.0317,4
SK,900 32,Borinka,,BL,Malacky,106,,,48.2621,17.0858,4
SK,900 33,Marianka,,BL,Malacky,106,,,48.249,17.064,4
SK,900 51,Zohor,,BL,Malacky,106,,,48.3167,16.9833,4
SK,900 52,Kuchyňa,,BL,Malacky,106,,,48.406,17.1573,4
SK,900 53,Pernek,,BL,Malacky,106,,,48.3669,17.1442,4
SK,900 54,Jablonové,,BL,Malacky,106,,,48.3475,17.0995,4
SK,900 55,Lozorno,,BL,Malacky,106,,,48.3336,17.0432,4
SK,900 61,Gajary,,BL,Malacky,106,,,48.4667,16.9333,4
SK,900 62,Kostolište,,BL,Malacky,106,,,48.45,16.9833,4
SK,900 63,Jakubov,,BL,Malacky,106,,,48.4167,16.9333,4
SK,900 64,Suchohrad,,BL,Malacky,106,,,48.4,16.8667,4
SK,900 65,Záhorská Ves,,BL,Malacky,106,,,48.3833,16.85,4
SK,900 66,Vysoká pri Morave,,BL,Malacky,106,,,48.3294,16.9119,4
SK,900 67,Láb,,BL,Malacky,106,,,48.3667,16.9833,4
SK,900 68,Plavecký Štvrtok,,BL,Malacky,106,,,48.3751,16.9986,4
SK,901 01,Malacky,,BL,Malacky,106,,,48.436,17.0219,4
SK,906 35,Plavecký Mikuláš,,BL,Malacky,106,,,48.5089,17.3047,4
SK,906 36,Plavecké Podhradie,,BL,Malacky,106,,,48.486,17.2573,4
SK,906 37,Sološnica,,BL,Malacky,106,,,48.4652,17.2307,4
SK,906 38,Rohožník,,BL,Malacky,106,,,48.4568,17.1676,4
SK,908 72,Závod,,BL,Malacky,106,,,48.5449,17.0303,4
SK,908 73,Veľké Leváre,,BL,Malacky,106,,,48.504,17.0036,4
SK,908 74,Malé Leváre,,BL,Malacky,106,,,48.5,16.9833,4
SK,908 75,Studienka,,BL,Malacky,106,,,48.5265,17.1373,4
SK,900 01,Modra,,BL,Pezinok,107,,,48.334,17.3071,4
SK,900 21,Svätý Jur,,BL,Pezinok,107,,,48.2522,17.2154,4
SK,900 23,Viničné,,BL,Pezinok,107,,,48.2719,17.3023,4
SK,900 26,Slovenský Grob,,BL,Pezinok,107,,,48.2576,17.2743,4
SK,900 81,Šenkvice,,BL,Pezinok,107,,,48.2982,17.3496,4
SK,900 84,Báhoň,,BL,Pezinok,107,,,48.3094,17.4452,4
SK,900 85,Vištuk,,BL,Pezinok,107,,,48.3334,17.3994,4
SK,900 86,Jablonec,,BL,Pezinok,107,,,48.332,17.4479,4
SK,900 88,Doľany,,BL,Pezinok,107,,,48.4161,17.3757,4
SK,900 89,Červený Kameň,,BL,Pezinok,107,,,48.395,17.3475,3
SK,900 90,Dubová,,BL,Pezinok,107,,,48.3668,17.3397,4
SK,900 91,Limbach,,BL,Pezinok,107,,,48.2897,17.2234,4
SK,902 01,Vinosady,,BL,Pezinok,107,,,48.2736,17.2484,1
SK,902 03,Myslenice,,BL,Pezinok,107,,,48.2736,17.2484,4
SK,900 24,Malý Biel,,BL,Senec,108,,,48.2225,17.3641,4
SK,900 25,Chorvátsky Grob,,BL,Senec,108,,,48.2279,17.2909,4
SK,900 27,Bernolákovo,,BL,Senec,108,,,48.2007,17.3019,4
SK,900 28,Ivanka pri Dunaji,,BL,Senec,108,,,48.1867,17.2554,4
SK,900 29,Dedinka pri Dunaji,,BL,Senec,108,,,48.1822,17.3521,4
SK,900 41,Rovinka,,BL,Senec,108,,,48.0978,17.2363,4
SK,900 42,Jánošíková,,BL,Senec,108,,,48.0781,17.2572,4
SK,900 43,Kalinkovo,,BL,Senec,108,,,48.0598,17.2535,4
SK,900 44,Vlky,,BL,Senec,108,,,48.1424,17.354,3
SK,900 45,Malinovo,,BL,Senec,108,,,48.1545,17.2968,4
SK,900 46,Most pri Bratislave,,BL,Senec,108,,,48.142,17.2709,4
SK,900 50,Kráľová pri Senci,,BL,Senec,108,,,48.3541,17.0855,1
SK,900 82,Blatné,,BL,Senec,108,,,48.2666,17.4192,4
SK,900 83,Čataj,,BL,Senec,108,,,48.2705,17.4787,4
SK,903 01,Bodov,,BL,Senec,108,,,48.1839,17.4175,3
SK,925 23,Hrubá Borša,,BL,Senec,108,,,48.1813,17.4827,4
SK,925 26,Boldog,,BL,Senec,108,,,48.197,17.5562,1
SK,811 01,Bratislava,,BL,,,,,48.1482,17.1067,4
SK,811 02,Bratislava,,BL,,,,,48.1482,17.1067,4
SK,811 03,Bratislava,,BL,,,,,48.1482,17.1067,4
SK,811 04,Bratislava,,BL,,,,,48.1482,17.1067,4
SK,811 05,Bratislava,,BL,,,,,48.1482,17.1067,4
SK,811 06,Bratislava,,BL,,,,,48.1482,17.1067,4
SK,811 07,Bratislava,,BL,,,,,48.1482,17.1067,4
SK,811 08,Bratislava,,BL,,,,,48.1482,17.1067,4
SK,811 09,Bratislava,,BL,,,,,48.1482,17.1067,4
SK,820 01,Bratislava,,BL,,,,,48.1482,17.1067,4
SK,821 01,Bratislava,,BL,,,,,48.1482,17.1067,4
SK,821 02,Bratislava,,BL,,,,,48.1482,17.1067,4
SK,821 03,Bratislava,,BL,,,,,48.1482,17.1067,4
SK,821 04,Bratislava,,BL,,,,,48.1482,17.1067,4
SK,821 05,Bratislava,,BL,,,,,48.1482,17.1067,4
SK,821 08,Bratislava,,BL,,,,,48.1482,17.1067,4
SK,821 09,Bratislava,,BL,,,,,48.1482,17.1067,4
SK,830 00,Bratislava,,BL,,,,,48.1482,17.1067,4
SK,830 05,Bratislava,,BL,,,,,48.1482,17.1067,4
SK,830 06,Bratislava,,BL,,,,,48.1482,17.1067,4
SK,830 07,Bratislava,,BL,,,,,48.1482,17.1067,4
SK,831 01,Bratislava,,BL,,,,,48.1482,17.1067,4
SK,831 02,Bratislava,,BL,,,,,48.1482,17.1067,4
SK,831 03,Bratislava,,BL,,,,,48.1482,17.1067,4
SK,831 04,Bratislava,,BL,,,,,48.1482,17.1067,4
SK,831 06,Bratislava,,BL,,,,,48.1482,17.1067,4
SK,831 51,Bratislava,,BL,,,,,48.1482,17.1067,4
SK,831 52,Bratislava,,BL,,,,,48.1482,17.1067,4
SK,831 53,Bratislava,,BL,,,,,48.1482,17.1067,4
SK,831 54,Bratislava,,BL,,,,,48.1482,17.1067,4
SK,831 55,Bratislava,,BL,,,,,48.1482,17.1067,4
SK,840 02,Bratislava,,BL,,,,,48.1482,17.1067,4
SK,840 08,Bratislava,,BL,,,,,48.1482,17.1067,4
SK,840 09,Bratislava,,BL,,,,,48.1482,17.1067,4
SK,841 01,Bratislava,,BL,,,,,48.1482,17.1067,4
SK,841 02,Bratislava,,BL,,,,,48.1482,17.1067,4
SK,841 04,Bratislava,,BL,,,,,48.1482,17.1067,4
SK,841 05,Bratislava,,BL,,,,,48.1482,17.1067,4
SK,841 07,Bratislava,,BL,,,,,48.1482,17.1067,4
SK,841 08,Bratislava,,BL,,,,,48.1482,17.1067,4
SK,850 00,Bratislava,,BL,,,,,48.1482,17.1067,4
SK,850 09,Bratislava,,BL,,,,,48.1482,17.1067,4
SK,851 01,Bratislava,,BL,,,,,48.1482,17.1067,4
SK,851 02,Bratislava,,BL,,,,,48.1482,17.1067,4
SK,851 03,Bratislava,,BL,,,,,48.1482,17.1067,4
SK,851 04,Bratislava,,BL,,,,,48.1482,17.1067,4
SK,851 05,Bratislava,,BL,,,,,48.1482,17.1067,4
SK,851 06,Bratislava,,BL,,,,,48.1482,17.1067,4
SK,851 07,Bratislava,,BL,,,,,48.1482,17.1067,4
SK,053 33,Zahájnica,,KI,Gelnica,801,,,48.8199,20.6072,3
SK,053 34,Švedlár,,KI,Gelnica,801,,,48.8134,20.7138,4
SK,053 51,Kluknava,,KI,Gelnica,801,,,48.9244,20.9414,4
SK,055 01,Margecany,,KI,Gelnica,801,,,48.8924,21.012,4
SK,055 51,Veľký Folkmar,,KI,Gelnica,801,,,48.8561,21.0138,4
SK,055 52,Kojšov,,KI,Gelnica,801,,,48.8218,20.9877,4
SK,055 61,Jaklovce,,KI,Gelnica,801,,,48.8717,20.988,4
SK,055 62,Prakovce,,KI,Gelnica,801,,,48.8159,20.8961,4
SK,055 63,Helcmanovce,,KI,Gelnica,801,,,48.8307,20.8677,4
SK,055 64,Mníšek nad Hnilcom,,KI,Gelnica,801,,,48.8041,20.8048,4
SK,055 65,Smolnícka Huta,,KI,Gelnica,801,,,48.7452,20.7736,4
SK,055 66,Smolník,,KI,Gelnica,801,,,48.7294,20.7377,4
SK,055 71,Žakarovce,,KI,Gelnica,801,,,48.8786,20.9241,4
SK,056 01,Gelnica,,KI,Gelnica,801,,,48.8558,20.9371,4
SK,040 01,Staré Mesto,,KI,Košice I,802,,,48.7396,21.2481,3
SK,040 13,Ťahanovce,,KI,Košice I,802,,,48.7576,21.2576,4
SK,040 11,Pereš,,KI,Košice II,803,,,48.6898,21.1932,3
SK,040 15,Šaca,,KI,Košice II,803,,,48.6335,21.1694,4
SK,040 16,Myslava,,KI,Košice II,803,,,48.7095,21.2031,4
SK,044 54,Železiarne,,KI,Košice II,803,,,48.5797,21.2299,1
SK,040 14,Košická Nová Ves,,KI,Košice III,804,,,48.7334,21.2973,4
SK,040 17,Šebastovce,,KI,Košice IV,805,,,48.6544,21.2677,4
SK,040 18,Krásna,,KI,Košice IV,805,,,48.67,21.3175,4
SK,044 01,Drienovec,,KI,Košice-okolie,806,,,48.6103,20.9475,4
SK,044 02,Hosťovce,,KI,Košice-okolie,806,,,48.5667,20.8667,4
SK,044 05,Peder,,KI,Košice-okolie,806,,,48.5782,20.9506,4
SK,044 10,Geča,,KI,Košice-okolie,806,,,48.6279,21.3099,4
SK,044 11,Trstené pri Hornáde,,KI,Košice-okolie,806,,,48.5755,21.3343,4
SK,044 12,Nižný Klátov,,KI,Košice-okolie,806,,,48.7292,21.142,4
SK,044 13,Kokšov - Bakša,,KI,Košice-okolie,806,,,48.6455,21.324,4
SK,044 14,Gyňov,,KI,Košice-okolie,806,,,48.5886,21.3037,4
SK,044 15,Nižná Myšľa,,KI,Košice-okolie,806,,,48.6239,21.3651,4
SK,044 16,Blažice,,KI,Košice-okolie,806,,,48.6672,21.4106,4
SK,044 17,Nový Salaš,,KI,Košice-okolie,806,,,48.6113,21.473,4
SK,044 18,Kalša,,KI,Košice-okolie,806,,,48.6142,21.5236,4
SK,044 19,Olšovany,,KI,Košice-okolie,806,,,48.7069,21.4071,4
SK,044 20,Bukovec,,KI,Košice-okolie,806,,,48.7103,21.1518,4
SK,044 21,Nováčany,,KI,Košice-okolie,806,,,48.6902,21.072,4
SK,044 23,Rudník,,KI,Košice-okolie,806,,,48.6946,21.0097,4
SK,044 24,Poproč,,KI,Košice-okolie,806,,,48.7117,20.9752,4
SK,044 25,Vyšný Medzev,,KI,Košice-okolie,806,,,48.714,20.9029,4
SK,044 26,Štós - kúpele,,KI,Košice-okolie,806,,,48.7211,20.7912,4
SK,044 31,Malá Vieska,,KI,Košice-okolie,806,,,48.8055,21.245,4
SK,044 32,Malá Lodina,,KI,Košice-okolie,806,,,48.878,21.1333,4
SK,044 41,Košická Polianka,,KI,Košice-okolie,806,,,48.7081,21.3418,3
SK,044 42,Košické Oľšany,,KI,Košice-okolie,806,,,48.732,21.3446,4
SK,044 43,Vajkovce,,KI,Košice-okolie,806,,,48.7829,21.3238,4
SK,044 44,Kráľovce,,KI,Košice-okolie,806,,,48.8025,21.3286,4
SK,044 45,Žírovce,,KI,Košice-okolie,806,,,48.7932,21.4681,4
SK,044 47,Opiná,,KI,Košice-okolie,806,,,48.8544,21.427,4
SK,044 55,Komárovce,,KI,Košice-okolie,806,,,48.5741,21.1204,4
SK,044 57,Grajciar,,KI,Košice-okolie,806,,,48.6066,21.2388,3
SK,044 58,Milhosť,,KI,Košice-okolie,806,,,48.5387,21.2674,4
SK,044 61,Zlatá Idka,,KI,Košice-okolie,806,,,48.7534,21.0047,4
SK,044 65,Košická Belá,,KI,Košice-okolie,806,,,48.8017,21.1113,4
SK,044 71,Seleška,,KI,Košice-okolie,806,,,48.6215,21.0618,4
SK,044 73,Rešica,,KI,Košice-okolie,806,,,48.5425,21.04,4
SK,044 74,Chym,,KI,Košice-okolie,806,,,48.5324,21.159,3
SK,044 81,Veľká Lodina,,KI,Košice-okolie,806,,,48.8453,21.2201,3
SK,045 01,Budulov,,KI,Košice-okolie,806,,,48.5882,20.9924,4
SK,071 01,Milovaná,,KI,Michalovce,807,,,48.763,21.877,3
SK,072 01,Krásnovce,,KI,Michalovce,807,,,48.7211,21.8842,4
SK,072 02,Tušická Nová Ves,,KI,Michalovce,807,,,48.7164,21.7546,4
SK,072 03,Rakovec nad Ondavou,,KI,Michalovce,807,,,48.7687,21.7827,4
SK,072 04,Bánovce nad Ondavou,,KI,Michalovce,807,,,48.6832,21.8124,4
SK,072 05,Bracovce,,KI,Michalovce,807,,,48.6462,21.839,4
SK,072 06,Malčice,,KI,Michalovce,807,,,48.5779,21.8524,4
SK,072 11,Čečehov,,KI,Michalovce,807,,,48.7248,21.9899,4
SK,072 13,Zemplínska Široká,,KI,Michalovce,807,,,48.647,22.0004,3
SK,072 14,Ťahyňa,,KI,Michalovce,807,,,48.5976,22.0633,4
SK,072 15,Dúbravka,,KI,Michalovce,807,,,48.6359,21.8886,4
SK,072 16,Hatalov,,KI,Michalovce,807,,,48.6588,21.889,4
SK,072 17,Zemplínske Kopčany,,KI,Michalovce,807,,,48.5908,21.9202,3
SK,072 21,Stankovce,,KI,Michalovce,807,,,48.8369,21.8487,4
SK,072 22,Pláne,,KI,Michalovce,807,,,48.8586,21.8167,4
SK,072 23,Staré,,KI,Michalovce,807,,,48.8614,21.8755,4
SK,072 31,Vinné,,KI,Michalovce,807,,,48.8096,21.9676,4
SK,072 32,Jovsa,,KI,Michalovce,807,,,48.8192,22.0908,4
SK,072 33,Závadka,,KI,Michalovce,807,,,48.7661,22.0664,4
SK,072 34,Lúčky,,KI,Michalovce,807,,,48.7669,22.0389,4
SK,072 36,Zemplínska Šírava,,KI,Michalovce,807,,,48.8107,22.0149,3
SK,072 37,Lastomír,,KI,Michalovce,807,,,48.7028,21.9253,4
SK,072 54,Bajany,,KI,Michalovce,807,,,48.6026,22.1088,4
SK,076 71,Čičarovce,,KI,Michalovce,807,,,48.54,22.0272,4
SK,076 72,Vojany,,KI,Michalovce,807,,,48.568,21.9896,4
SK,076 74,Drahňov,,KI,Michalovce,807,,,48.5932,21.9659,4
SK,076 75,Kucany,,KI,Michalovce,807,,,48.5324,21.8678,4
SK,076 77,Veľké Slemence,,KI,Michalovce,807,,,48.5091,22.1402,4
SK,079 01,Krišovská Liesková,,KI,Michalovce,807,,,48.5726,22.0737,3
SK,048 01,Rudná,,KI,Rožňava,808,,,48.6578,20.4894,4
SK,049 11,Silická Brezová,,KI,Rožňava,808,,,48.5323,20.486,4
SK,049 12,Čoltovo,,KI,Rožňava,808,,,48.495,20.3754,4
SK,049 21,Betliar,,KI,Rožňava,808,,,48.7027,20.5081,4
SK,049 22,Gemerská Poloma,,KI,Rožňava,808,,,48.7572,20.3923,1
SK,049 23,Nižnoslanská Baňa,,KI,Rožňava,808,,,48.7276,20.4041,3
SK,049 24,Gočovo,,KI,Rožňava,808,,,48.7593,20.4202,4
SK,049 25,Dobšiná,,KI,Rožňava,808,,,48.8207,20.3699,4
SK,049 26,Rejdová,,KI,Rožňava,808,,,48.7904,20.2861,4
SK,049 31,Rakovnica,,KI,Rožňava,808,,,48.6564,20.4608,4
SK,049 32,Kunova Teplica,,KI,Rožňava,808,,,48.6118,20.3807,4
SK,049 34,Hanková,,KI,Rožňava,808,,,48.7491,20.314,4
SK,049 35,Roštár,,KI,Rožňava,808,,,48.6922,20.3506,4
SK,049 36,Rochovce,,KI,Rožňava,808,,,48.7024,20.3013,4
SK,049 41,Pača,,KI,Rožňava,808,,,48.682,20.6121,4
SK,049 42,Bôrka,,KI,Rožňava,808,,,48.6324,20.7645,4
SK,049 43,Silická Jablonica,,KI,Rožňava,808,,,48.5583,20.6086,4
SK,049 44,Hrhov,,KI,Rožňava,808,,,48.6063,20.7507,4
SK,049 45,Krásnohor. Dlhá Lúka,,KI,Rožňava,808,,,48.631,20.5497,3
SK,049 51,Kružná,,KI,Rožňava,808,,,48.638,20.4706,4
SK,049 52,Silica,,KI,Rožňava,808,,,48.5555,20.5221,4
SK,049 55,Dlhá Ves,,KI,Rožňava,808,,,48.4949,20.439,4
SK,049 71,Dobšin. Ľad. Jaskyňa,,KI,Rožňava,808,,,48.8712,20.3384,3
SK,049 73,Dobšinská Maša,,KI,Rožňava,808,,,48.8672,20.3795,3
SK,980 46,Gemerská Panica,,KI,Rožňava,808,,,48.4726,20.3504,4
SK,072 41,Vyšné Remety,,KI,Sobrance,809,,,48.8278,22.1678,4
SK,072 42,Jasenov,,KI,Sobrance,809,,,48.7958,22.1678,4
SK,072 43,Blatné Revištia,,KI,Sobrance,809,,,48.7383,22.0795,4
SK,072 44,Blatné Remety,,KI,Sobrance,809,,,48.7081,22.1041,4
SK,072 51,Sejkov,,KI,Sobrance,809,,,48.6818,22.2276,4
SK,072 52,Tašuľa,,KI,Sobrance,809,,,48.6595,22.1712,4
SK,072 53,Bežovce,,KI,Sobrance,809,,,48.6288,22.1535,4
SK,072 55,Ostrov,,KI,Sobrance,809,,,48.7183,22.1635,4
SK,072 61,Priekopa,,KI,Sobrance,809,,,48.7514,22.2762,4
SK,072 62,Petrovce,,KI,Sobrance,809,,,48.7075,22.3241,4
SK,072 63,Koňuš,,KI,Sobrance,809,,,48.7763,22.2691,4
SK,072 64,Ruská Bystrá,,KI,Sobrance,809,,,48.8557,22.2962,4
SK,073 01,Hlivištia,,KI,Sobrance,809,,,48.8086,22.2206,4
SK,052 01,Spišské Tomášovce,,KI,Spišská Nová Ves,810,,,48.962,20.4723,4
SK,053 01,Harichovce,,KI,Spišská Nová Ves,810,,,49.0033,20.7471,1
SK,053 11,Iliašovce,,KI,Spišská Nová Ves,810,,,48.9545,20.5234,3
SK,053 13,Hadušovce,,KI,Spišská Nová Ves,810,,,48.9682,20.4742,4
SK,053 15,Hrabušice,,KI,Spišská Nová Ves,810,,,48.9756,20.4086,4
SK,053 21,Matejovce nad Hornádom,,KI,Spišská Nová Ves,810,,,48.92,20.6177,3
SK,053 22,Danišovce,,KI,Spišská Nová Ves,810,,,48.9337,20.6346,3
SK,053 23,Poráč,,KI,Spišská Nová Ves,810,,,48.8842,20.7239,4
SK,053 31,Novoveská Huta,,KI,Spišská Nová Ves,810,,,48.8312,20.6139,1
SK,053 32,Hnilčík,,KI,Spišská Nová Ves,810,,,48.8592,20.5745,4
SK,053 40,Slovinky,,KI,Spišská Nová Ves,810,,,48.881,20.837,4
SK,053 42,Kolinovce,,KI,Spišská Nová Ves,810,,,48.9282,20.8524,4
SK,053 61,Slatvina,,KI,Spišská Nová Ves,810,,,48.8953,20.8594,3
SK,053 62,Bystrany,,KI,Spišská Nová Ves,810,,,48.9487,20.7598,4
SK,053 63,Spišský Hrušov,,KI,Spišská Nová Ves,810,,,48.9475,20.7059,4
SK,053 75,Delava,,KI,Spišská Nová Ves,810,,,48.8405,20.5052,3
SK,053 76,Rakovec,,KI,Spišská Nová Ves,810,,,48.8586,20.4107,3
SK,075 01,Nový Ruskov,,KI,Trebišov,811,,,48.6327,21.6988,3
SK,076 01,Kožuchov,,KI,Trebišov,811,,,48.5642,21.7241,4
SK,076 02,Kysta,,KI,Trebišov,811,,,48.5135,21.7201,4
SK,076 03,Sirník,,KI,Trebišov,811,,,48.5196,21.8017,4
SK,076 05,Brehov,,KI,Trebišov,811,,,48.4836,21.815,4
SK,076 12,Dancov Potok,,KI,Trebišov,811,,,48.5628,21.5631,4
SK,076 13,Byšta,,KI,Trebišov,811,,,48.5307,21.5388,4
SK,076 14,Michaľany,,KI,Trebišov,811,,,48.5159,21.6234,4
SK,076 15,Veľaty,,KI,Trebišov,811,,,48.5241,21.6605,4
SK,076 16,Zemplínska Nová Ves,,KI,Trebišov,811,,,48.5684,21.6655,3
SK,076 17,Čeľovce,,KI,Trebišov,811,,,48.6022,21.628,4
SK,076 22,Vojčice,,KI,Trebišov,811,,,48.6784,21.7158,4
SK,076 31,Viničky,,KI,Trebišov,811,,,48.3988,21.7447,4
SK,076 32,Bara,,KI,Trebišov,811,,,48.4256,21.7161,4
SK,076 33,Karlov Dvor,,KI,Trebišov,811,,,48.401,21.6672,3
SK,076 34,Zemplín,,KI,Trebišov,811,,,48.44,21.8101,4
SK,076 35,Svätá Mária,,KI,Trebišov,811,,,48.4333,21.839,4
SK,076 36,Malý Kamenec,,KI,Trebišov,811,,,48.3522,21.7878,4
SK,076 37,Svinice,,KI,Trebišov,811,,,48.4571,21.8822,4
SK,076 41,Biel,,KI,Trebišov,811,,,48.4089,22.0591,4
SK,076 42,Kolónia,,KI,Trebišov,811,,,48.3954,22.0972,3
SK,076 43,Čierna,,KI,Trebišov,811,,,48.417,22.0887,4
SK,076 51,Pribeník,,KI,Trebišov,811,,,48.3929,22.003,4
SK,076 52,Veľký Horeš,,KI,Trebišov,811,,,48.3846,21.909,4
SK,076 53,Boľ,,KI,Trebišov,811,,,48.4728,21.9445,4
SK,076 61,Kravany,,KI,Trebišov,811,,,48.7587,21.6433,4
SK,076 62,Kinčeš,,KI,Trebišov,811,,,48.7333,21.6833,4
SK,076 64,Zemplínska Teplica,,KI,Trebišov,811,,,48.6466,21.5721,4
SK,076 81,Čerhov,,KI,Trebišov,811,,,48.4633,21.6471,4
SK,076 82,Malá Tŕňa,,KI,Trebišov,811,,,48.45,21.6833,4
SK,076 83,Svätuše,,KI,Trebišov,811,,,48.4333,21.9167,4
SK,076 84,Kapoňa,,KI,Trebišov,811,,,48.4622,22.0515,4
SK,077 01,Kráľovský Chlmec,,KI,Trebišov,811,,,48.4234,21.9794,4
SK,078 01,Sečovce,,KI,Trebišov,811,,,48.7007,21.661,4
SK,040 12,Košice,,KI,,,,,48.7139,21.2581,4
SK,040 22,Košice,,KI,,,,,48.7139,21.2581,4
SK,040 23,Košice,,KI,,,,,48.7139,21.2581,4
SK,052 05,Spišská Nová Ves,,KI,,,,,48.9446,20.5615,4
SK,930 28,Madérét,,NI,Komárno,401,,,47.9045,17.8857,4
SK,945 01,Veľký Harčáš,,NI,Komárno,401,,,47.754,18.1567,4
SK,945 04,Čerhát,,NI,Komárno,401,,,47.7833,18.0167,4
SK,946 01,Kameničná,,NI,Komárno,401,,,47.8189,18.0386,4
SK,946 02,Čalovec,,NI,Komárno,401,,,47.8171,17.9877,4
SK,946 03,Částa,,NI,Komárno,401,,,47.933,17.9831,3
SK,946 12,Veľký Lél,,NI,Komárno,401,,,47.757,17.9467,4
SK,946 13,Štúrová,,NI,Komárno,401,,,47.8303,17.9422,4
SK,946 14,Lipové,,NI,Komárno,401,,,47.8415,17.8542,4
SK,946 15,Tôň,,NI,Komárno,401,,,47.8044,17.8375,4
SK,946 16,Holiare,,NI,Komárno,401,,,47.8275,17.8146,4
SK,946 17,Sokolce,,NI,Komárno,401,,,47.8517,17.8276,4
SK,946 19,Krížový Dvor,,NI,Komárno,401,,,47.7664,17.7952,3
SK,946 21,Okánikovo,,NI,Komárno,401,,,47.7833,17.8833,4
SK,946 31,Chotín,,NI,Komárno,401,,,47.8071,18.2269,4
SK,946 32,Mudroňovo,,NI,Komárno,401,,,47.8314,18.3215,4
SK,946 33,Modrany,,NI,Komárno,401,,,47.8236,18.352,4
SK,946 34,Mikulášov Sad,,NI,Komárno,401,,,47.846,18.4351,4
SK,946 35,Búč,,NI,Komárno,401,,,47.8076,18.4466,4
SK,946 36,Kravany nad Dunajom,,NI,Komárno,401,,,47.7633,18.4832,4
SK,946 37,Moča,,NI,Komárno,401,,,47.761,18.4079,4
SK,946 38,Radvaň nad Dunajom,,NI,Komárno,401,,,47.7469,18.3661,4
SK,946 39,Iža,,NI,Komárno,401,,,47.752,18.2276,4
SK,946 51,Aňalské Záhrady,,NI,Komárno,401,,,47.9425,18.1322,3
SK,946 52,Imeľ,,NI,Komárno,401,,,47.904,18.1417,4
SK,946 54,Nový Diel,,NI,Komárno,401,,,47.9529,18.2612,4
SK,946 55,Pribeta,,NI,Komárno,401,,,47.8998,18.315,4
SK,946 56,Dulovce,,NI,Komárno,401,,,47.8692,18.2728,4
SK,946 57,Svätý Peter,,NI,Komárno,401,,,47.8415,18.2541,4
SK,947 01,Konkoľ,,NI,Komárno,401,,,47.8447,18.1915,4
SK,947 03,Bohatá,,NI,Komárno,401,,,47.8892,18.2162,4
SK,934 01,Krškany,,NI,Levice,402,,,48.2135,18.6753,4
SK,935 02,Žemberovce,,NI,Levice,402,,,48.2667,18.75,4
SK,935 03,Pečenice,,NI,Levice,402,,,48.2975,18.7711,4
SK,935 04,Devičany,,NI,Levice,402,,,48.3225,18.7054,4
SK,935 05,Uhliská,,NI,Levice,402,,,48.3311,18.752,3
SK,935 06,Jabloňovce,,NI,Levice,402,,,48.2923,18.7339,1
SK,935 21,Malé Kozmálovce,,NI,Levice,402,,,48.2737,18.5116,4
SK,935 22,Kozárovce,,NI,Levice,402,,,48.2719,18.5881,1
SK,935 23,Rybník,,NI,Levice,402,,,48.2925,18.5621,4
SK,935 24,Čajkov,,NI,Levice,402,,,48.2896,18.6006,4
SK,935 25,Opatová,,NI,Levice,402,,,48.2842,18.6509,4
SK,935 26,Starý Tekov,,NI,Levice,402,,,48.2447,18.5367,4
SK,935 27,Podlužany,,NI,Levice,402,,,48.2544,18.606,4
SK,935 29,Hronské Kľačany,,NI,Levice,402,,,48.2401,18.5697,4
SK,935 31,Dolná Seč,,NI,Levice,402,,,48.1763,18.564,4
SK,935 32,Kalná,,NI,Levice,402,,,48.1978,18.5198,4
SK,935 33,Marušová,,NI,Levice,402,,,48.2358,18.5221,4
SK,935 34,Dolný Ďur,,NI,Levice,402,,,48.2111,18.4647,3
SK,935 35,Iňa,,NI,Levice,402,,,48.1698,18.4215,4
SK,935 36,Beša,,NI,Levice,402,,,48.1434,18.4008,4
SK,935 37,Dolný Pial,,NI,Levice,402,,,48.1317,18.4619,4
SK,935 38,Lok,,NI,Levice,402,,,48.1836,18.4606,4
SK,935 39,Mochovce - elektráreň,,NI,Levice,402,,,48.1869,18.4739,1
SK,935 41,Arma,,NI,Levice,402,,,48.1267,18.5577,3
SK,935 51,Turá,,NI,Levice,402,,,48.1548,18.5775,4
SK,935 52,Šarovce,,NI,Levice,402,,,48.1041,18.6353,4
SK,935 55,Pežerňa,,NI,Levice,402,,,48.1252,18.7039,3
SK,935 56,Mýtne Ludany,,NI,Levice,402,,,48.1639,18.6643,4
SK,935 57,Žemliare,,NI,Levice,402,,,48.1483,18.6037,4
SK,935 61,Domaša,,NI,Levice,402,,,48.0063,18.659,4
SK,935 62,Pohronský Ruskov,,NI,Levice,402,,,47.9736,18.6563,4
SK,935 63,Čata,,NI,Levice,402,,,47.9536,18.6515,4
SK,935 64,Kuraľany,,NI,Levice,402,,,47.9814,18.5408,4
SK,935 65,Veľké Ludince,,NI,Levice,402,,,47.9627,18.5114,4
SK,935 66,Farná,,NI,Levice,402,,,48.0058,18.5112,4
SK,935 67,Nýrovce,,NI,Levice,402,,,48.0251,18.5821,4
SK,935 68,Čaka,,NI,Levice,402,,,48.0393,18.4689,4
SK,935 69,Plavé Vozokany,,NI,Levice,402,,,48.0709,18.4658,4
SK,935 71,Šalov,,NI,Levice,402,,,48.0031,18.7069,4
SK,935 74,Pastovce,,NI,Levice,402,,,47.9673,18.7574,4
SK,935 75,Lontov,,NI,Levice,402,,,48.0421,18.7774,4
SK,935 77,Nový Dvor,,NI,Levice,402,,,48.089,18.86,4
SK,935 81,Veľké Turovce,,NI,Levice,402,,,48.1118,18.9455,3
SK,935 82,Ipeľské Úľany,,NI,Levice,402,,,48.1254,19.0499,4
SK,935 84,Slatina,,NI,Levice,402,,,48.1212,18.8914,3
SK,935 85,Sazdice,,NI,Levice,402,,,48.0881,18.7969,4
SK,935 86,Hontianske Trsťany,,NI,Levice,402,,,48.1314,18.8698,1
SK,935 87,Domadice,,NI,Levice,402,,,48.1764,18.7797,4
SK,936 01,Šahy,,NI,Levice,402,,,48.0741,18.9495,4
SK,937 01,Sikenica,,NI,Levice,402,,,48.0489,18.6691,3
SK,949 01,Čermáň,,NI,Nitra,403,,,48.3147,18.0527,3
SK,949 05,Dolné Krškany,,NI,Nitra,403,,,48.2725,18.0891,4
SK,949 07,Janíkovce,,NI,Nitra,403,,,48.2846,18.1386,4
SK,949 11,Klokočina,,NI,Nitra,403,,,48.3019,18.0725,1
SK,951 01,Nitrian.Hrnčiarovce,,NI,Nitra,403,,,48.2686,18.1968,1
SK,951 02,Pohranice,,NI,Nitra,403,,,48.331,18.1791,4
SK,951 03,Čeľadice,,NI,Nitra,403,,,48.3292,18.239,4
SK,951 04,Veľký Lapáš,,NI,Nitra,403,,,48.291,18.181,4
SK,951 05,Paňa,,NI,Nitra,403,,,48.2334,18.2282,4
SK,951 06,Vinodol,,NI,Nitra,403,,,48.1849,18.2073,3
SK,951 07,Čechynce,,NI,Nitra,403,,,48.2549,18.1596,4
SK,951 08,Golianovo,,NI,Nitra,403,,,48.2719,18.1919,4
SK,951 12,Ivanka pri Nitre,,NI,Nitra,403,,,48.243,18.1162,4
SK,951 13,Veľká Ves,,NI,Nitra,403,,,48.2187,18.1442,3
SK,951 15,Poľný Kesov,,NI,Nitra,403,,,48.1651,18.0669,4
SK,951 16,Svätoplukovo,,NI,Nitra,403,,,48.2282,18.0558,4
SK,951 17,Cabaj - Čápor,,NI,Nitra,403,,,48.2445,18.029,4
SK,951 21,Rišňovce,,NI,Nitra,403,,,48.3686,17.8933,4
SK,951 22,Alekšince,,NI,Nitra,403,,,48.3664,17.9479,4
SK,951 23,Lukáčovce,,NI,Nitra,403,,,48.3955,17.9378,4
SK,951 24,Ceroviny,,NI,Nitra,403,,,48.4336,17.9822,3
SK,951 25,Suľany,,NI,Nitra,403,,,48.4429,18.0259,4
SK,951 26,Šurianky,,NI,Nitra,403,,,48.4219,18.0231,4
SK,951 34,Veľký Báb,,NI,Nitra,403,,,48.3123,17.8804,4
SK,951 35,Veľké Zálužie,,NI,Nitra,403,,,48.3084,17.9387,4
SK,951 36,Lehota,,NI,Nitra,403,,,48.3116,17.9895,4
SK,951 37,Rumanová,,NI,Nitra,403,,,48.3297,17.8715,4
SK,951 41,Lužianky,,NI,Nitra,403,,,48.3491,18.029,4
SK,951 42,Andač,,NI,Nitra,403,,,48.3748,17.975,4
SK,951 43,Čakajovce,,NI,Nitra,403,,,48.3716,18.0383,4
SK,951 44,Výčapy - Opatovce,,NI,Nitra,403,,,48.4115,18.0822,4
SK,951 45,Lefantovce,,NI,Nitra,403,,,48.4245,18.1342,3
SK,951 46,Sokolníky,,NI,Nitra,403,,,48.3831,18.109,4
SK,951 48,Jarok,,NI,Nitra,403,,,48.2754,17.9591,4
SK,951 51,Nová Ves nad Žitavou,,NI,Nitra,403,,,48.2903,18.3231,4
SK,951 53,Babindol,,NI,Nitra,403,,,48.2892,18.2381,4
SK,951 54,Veľké Chyndice,,NI,Nitra,403,,,48.2908,18.2881,4
SK,951 61,Čifáre,,NI,Nitra,403,,,48.2324,18.3916,4
SK,951 73,Jelenec,,NI,Nitra,403,,,48.3784,18.2235,4
SK,951 74,Žirany,,NI,Nitra,403,,,48.3777,18.1751,4
SK,951 78,Kolíňany,,NI,Nitra,403,,,48.3606,18.1969,4
SK,951 88,Lúčnica nad Žitavou,,NI,Nitra,403,,,48.2093,18.2835,3
SK,952 01,Dyčka,,NI,Nitra,403,,,48.2343,18.2891,4
SK,940 02,Nový Gúg,,NI,Nové Zámky,404,,,47.9854,18.1619,3
SK,941 01,Bánov,,NI,Nové Zámky,404,,,48.0466,18.1881,4
SK,941 02,Mlynský Sek,,NI,Nové Zámky,404,,,48.1109,18.1733,4
SK,941 03,Úľany nad Žitavou,,NI,Nové Zámky,404,,,48.1059,18.237,4
SK,941 04,Mojzesovo,,NI,Nové Zámky,404,,,48.1333,18.2333,4
SK,941 05,Černík,,NI,Nové Zámky,404,,,48.1522,18.2261,4
SK,941 06,Komjatice,,NI,Nové Zámky,404,,,48.157,18.1703,4
SK,941 07,Veľký Kýr,,NI,Nové Zámky,404,,,48.1825,18.1573,4
SK,94110,Kendereš,,NI,Nové Zámky,404,,,48.1333,17.9833,4
SK,941 10,Malý Jatov,,NI,Nové Zámky,404,,,48.1247,18.0083,4
SK,941 11,Čiky,,NI,Nové Zámky,404,,,48.0667,18.1,4
SK,941 21,Komoča,,NI,Nové Zámky,404,,,47.9487,18.0203,4
SK,941 22,Zemné,,NI,Nové Zámky,404,,,47.9836,17.9949,4
SK,941 23,Andovce,,NI,Nové Zámky,404,,,47.9934,18.1051,4
SK,941 31,Dvory nad Žitavou,,NI,Nové Zámky,404,,,47.9895,18.2672,4
SK,941 32,Semerovo,,NI,Nové Zámky,404,,,48.0113,18.3525,4
SK,941 33,Kolta,,NI,Nové Zámky,404,,,48.0174,18.4124,4
SK,941 34,Jasová,,NI,Nové Zámky,404,,,47.989,18.3971,4
SK,941 35,Dvor Mikuláš,,NI,Nové Zámky,404,,,47.9581,18.4119,3
SK,941 36,Rúbaň,,NI,Nové Zámky,404,,,47.9302,18.4001,4
SK,941 37,Štefan,,NI,Nové Zámky,404,,,47.9042,18.4165,3
SK,941 41,Bešeňov,,NI,Nové Zámky,404,,,48.0453,18.2642,4
SK,941 42,Veľké Lovce,,NI,Nové Zámky,404,,,48.0623,18.3385,4
SK,941 43,Dolný Ohaj,,NI,Nové Zámky,404,,,48.0821,18.253,4
SK,941 44,Hul,,NI,Nové Zámky,404,,,48.0991,18.2633,4
SK,941 45,Veľká Maňa,,NI,Nové Zámky,404,,,48.1557,18.2891,4
SK,941 46,Trávnica,,NI,Nové Zámky,404,,,48.1397,18.3391,4
SK,941 47,Radava,,NI,Nové Zámky,404,,,48.0942,18.3037,4
SK,941 48,Svätuša,,NI,Nové Zámky,404,,,48.1094,18.3346,4
SK,941 49,Bardoňovo,,NI,Nové Zámky,404,,,48.1087,18.422,4
SK,941 50,Hurbanovce,,NI,Nové Zámky,404,,,48.0856,18.4158,4
SK,941 51,Pozba,,NI,Nové Zámky,404,,,48.115,18.3869,4
SK,941 62,Michal nad Žitavou,,NI,Nové Zámky,404,,,48.1856,18.2838,4
SK,942 01,Šurany,,NI,Nové Zámky,404,,,48.0861,18.1845,4
SK,943 04,Obid,,NI,Nové Zámky,404,,,47.778,18.6471,4
SK,943 42,Diva,,NI,Nové Zámky,404,,,47.8679,18.5657,4
SK,943 52,Jurský Chlm,,NI,Nové Zámky,404,,,47.8552,18.5599,3
SK,943 53,Ľubá,,NI,Nové Zámky,404,,,47.8497,18.5965,4
SK,943 54,Svodín,,NI,Nové Zámky,404,,,47.9105,18.4997,4
SK,943 55,Bruty,,NI,Nové Zámky,404,,,47.9232,18.5797,4
SK,943 56,Kolónia,,NI,Nové Zámky,404,,,47.9224,18.6416,3
SK,943 57,Kamenín,,NI,Nové Zámky,404,,,47.8884,18.6431,4
SK,943 58,Kamenný Most,,NI,Nové Zámky,404,,,47.8512,18.6564,4
SK,943 59,Sikenička,,NI,Nové Zámky,404,,,47.9373,18.6813,4
SK,943 60,Nána,,NI,Nové Zámky,404,,,47.8136,18.6965,4
SK,943 61,Malé Kosihy,,NI,Nové Zámky,404,,,47.9255,18.7501,4
SK,943 65,Leľa,,NI,Nové Zámky,404,,,47.8588,18.7727,4
SK,925 71,Horný Jatov,,NI,Šaľa,405,,,48.1544,17.9607,4
SK,925 72,Selice,,NI,Šaľa,405,,,48.0958,17.9643,4
SK,925 81,Diakovce,,NI,Šaľa,405,,,48.1345,17.8487,4
SK,925 82,Tešedíkovo,,NI,Šaľa,405,,,48.1061,17.8519,4
SK,925 83,Žihárec,,NI,Šaľa,405,,,48.0723,17.8867,4
SK,925 84,Vlčany,,NI,Šaľa,405,,,48.031,17.9521,4
SK,925 85,Neded,,NI,Šaľa,405,,,48.0212,17.9618,4
SK,925 91,Kráľová nad Váhom,,NI,Šaľa,405,,,48.1692,17.8422,4
SK,927 01,Hetméň,,NI,Šaľa,405,,,48.1719,17.8643,1
SK,927 05,Dlhá nad Váhom,,NI,Šaľa,405,,,48.1719,17.8643,4
SK,951 31,Gorazdov,,NI,Šaľa,405,,,48.1919,17.9566,4
SK,951 32,Horná Kráľová,,NI,Šaľa,405,,,48.2453,17.9131,4
SK,951 33,Hájske,,NI,Šaľa,405,,,48.2825,17.9125,1
SK,955 01,Závada,,NI,Topoľčany,406,,,48.6413,18.0853,4
SK,956 01,Veľké Dvorany,,NI,Topoľčany,406,,,48.556,18.0754,4
SK,956 02,Kľačany,,NI,Topoľčany,406,,,48.5314,18.1129,4
SK,956 03,Krtovce,,NI,Topoľčany,406,,,48.5417,18.0116,4
SK,956 05,Radošina,,NI,Topoľčany,406,,,48.5459,17.9385,4
SK,956 06,Šalgovce,,NI,Topoľčany,406,,,48.5263,17.8994,4
SK,956 07,Veľké Ripňany,,NI,Topoľčany,406,,,48.5029,17.9787,4
SK,956 08,Obsolovce,,NI,Topoľčany,406,,,48.5005,18.0147,4
SK,956 11,Dvorany nad Nitrou,,NI,Topoľčany,406,,,48.4866,18.1187,4
SK,956 12,Preseľany,,NI,Topoľčany,406,,,48.4515,18.0987,4
SK,956 13,Koniarovce,,NI,Topoľčany,406,,,48.4284,18.093,4
SK,956 14,Súlovce,,NI,Topoľčany,406,,,48.4642,18.1675,4
SK,956 15,Kovarce,,NI,Topoľčany,406,,,48.4957,18.1566,4
SK,956 16,Čeľadince,,NI,Topoľčany,406,,,48.5109,18.1715,4
SK,956 17,Solčany,,NI,Topoľčany,406,,,48.538,18.2026,4
SK,956 19,Krnča,,NI,Topoľčany,406,,,48.5443,18.2494,4
SK,956 21,Jacovce,,NI,Topoľčany,406,,,48.5945,18.1347,4
SK,956 22,Nemečky,,NI,Topoľčany,406,,,48.6729,18.1172,4
SK,956 31,Horné Chlebany,,NI,Topoľčany,406,,,48.6055,18.2246,4
SK,956 32,Rajčany,,NI,Topoľčany,406,,,48.61,18.2338,4
SK,956 38,Solčianky,,NI,Topoľčany,406,,,48.6198,18.2021,4
SK,951 52,Slepčany,,NI,Zlaté Moravce,407,,,48.3104,18.3396,4
SK,951 62,Nevidzany,,NI,Zlaté Moravce,407,,,48.2846,18.3776,4
SK,951 71,Velčice,,NI,Zlaté Moravce,407,,,48.4143,18.3039,4
SK,951 72,Neverice,,NI,Zlaté Moravce,407,,,48.3666,18.2746,4
SK,951 75,Chrašťany,,NI,Zlaté Moravce,407,,,48.3441,18.2899,3
SK,951 76,Tesárske Mlyňany,,NI,Zlaté Moravce,407,,,48.3414,18.3481,3
SK,951 77,Kostoľany p/Tribečom,,NI,Zlaté Moravce,407,,,48.3956,18.262,3
SK,951 81,Nemčiňany,,NI,Zlaté Moravce,407,,,48.3087,18.4515,4
SK,951 82,Veľké Vozokany,,NI,Zlaté Moravce,407,,,48.3206,18.4121,4
SK,951 85,Skýcov,,NI,Zlaté Moravce,407,,,48.5029,18.4208,4
SK,951 87,Olichov,,NI,Zlaté Moravce,407,,,48.3386,18.4546,3
SK,951 91,Zlatno,,NI,Zlaté Moravce,407,,,48.4646,18.3129,4
SK,951 92,Žikava,,NI,Zlaté Moravce,407,,,48.444,18.3824,4
SK,951 93,Machulince,,NI,Zlaté Moravce,407,,,48.4118,18.4322,4
SK,951 94,Hostie,,NI,Zlaté Moravce,407,,,48.4529,18.4383,4
SK,951 95,Obyce,,NI,Zlaté Moravce,407,,,48.4274,18.4563,4
SK,951 96,Jedľové Kostoľany,,NI,Zlaté Moravce,407,,,48.4694,18.4976,4
SK,951 97,Žitavany,,NI,Zlaté Moravce,407,,,48.4376,18.3981,1
SK,953 01,Chyzerovce,,NI,Zlaté Moravce,407,,,48.3682,18.3896,4
SK,953 05,Prílepy,,NI,Zlaté Moravce,407,,,48.3595,18.4175,4
SK,966 54,Tekovské Nemce,,NI,Zlaté Moravce,407,,,48.3561,18.5301,4
SK,934 05,Levice,,NI,,,,,48.2156,18.607,4
SK,943 01,Štúrovo,,NI,,,,,47.7949,18.7175,4
SK,945 05,Komárno,,NI,,,,,47.7636,18.1226,4
SK,955 03,Topoľčany,,NI,,,,,48.5636,18.1671,4
SK,085 01,Richvald,,PV,Bardejov,701,,,49.2756,21.1908,4
SK,086 01,Tarnov,,PV,Bardejov,701,,,49.3204,21.1716,4
SK,086 02,Frička,,PV,Bardejov,701,,,49.4046,21.0833,4
SK,086 04,Krivé,,PV,Bardejov,701,,,49.2935,21.1511,4
SK,086 05,Livovská Huta,,PV,Bardejov,701,,,49.2934,21.0783,3
SK,086 06,Lenartov,,PV,Bardejov,701,,,49.3104,21.0214,4
SK,086 11,Komárov,,PV,Bardejov,701,,,49.281,21.3485,4
SK,086 12,Ortuťová,,PV,Bardejov,701,,,49.2694,21.4567,4
SK,086 14,Beloveža,,PV,Bardejov,701,,,49.296,21.3683,4
SK,086 21,Nižná Voľa,,PV,Bardejov,701,,,49.2225,21.372,4
SK,086 22,Hervartov,,PV,Bardejov,701,,,49.2467,21.2055,4
SK,086 31,Bardejovské Kúpele,,PV,Bardejov,701,,,49.3295,21.2697,4
SK,086 33,Chmeľová,,PV,Bardejov,701,,,49.4,21.2989,4
SK,086 35,Becherov,,PV,Bardejov,701,,,49.4197,21.3131,4
SK,086 36,Nižná Polianka,,PV,Bardejov,701,,,49.4043,21.4014,4
SK,086 37,Andrejová,,PV,Bardejov,701,,,49.3359,21.3336,4
SK,086 41,Nižné Raslavice,,PV,Bardejov,701,,,49.1492,21.3259,4
SK,086 42,Hertník,,PV,Bardejov,701,,,49.2071,21.2376,4
SK,086 43,Buclovany,,PV,Bardejov,701,,,49.1553,21.3652,4
SK,086 45,Vyšný Kručov,,PV,Bardejov,701,,,49.1667,21.1,4
SK,086 46,Oľšavce,,PV,Bardejov,701,,,49.203,21.386,4
SK,087 01,Brezov,,PV,Bardejov,701,,,49.1442,21.4923,4
SK,066 01,Myslina,,PV,Humenné,702,,,48.9477,21.8554,4
SK,067 01,Hrabovec n/ Laborcom,,PV,Humenné,702,,,49.1625,21.9376,3
SK,067 11,Vyšné Ladičkovce,,PV,Humenné,702,,,49.0398,21.8916,4
SK,067 12,Zbudské Dlhé,,PV,Humenné,702,,,49.0769,21.9602,4
SK,067 13,Rokytov pri Humennom,,PV,Humenné,702,,,49.069,21.9916,3
SK,067 22,Slovenská Volová,,PV,Humenné,702,,,48.9806,21.84,4
SK,067 23,Baškovce,,PV,Humenné,702,,,49.0325,21.8367,4
SK,067 24,Víťazovce,,PV,Humenné,702,,,49.0113,21.8009,4
SK,067 31,Veľopolie,,PV,Humenné,702,,,48.9928,21.9551,4
SK,067 32,Vyšný Hrušov,,PV,Humenné,702,,,48.9939,22.0131,4
SK,067 33,Papín,,PV,Humenné,702,,,49.0939,22.0601,4
SK,067 34,Nižná Jablonka,,PV,Humenné,702,,,49.1282,22.0861,4
SK,067 41,Porúbka,,PV,Humenné,702,,,48.8635,21.9593,4
SK,067 45,Hudcovce,,PV,Humenné,702,,,48.909,21.7891,4
SK,067 82,Modra nad Cirochou,,PV,Humenné,702,,,48.9599,22.0623,3
SK,067 83,Kamenica n/Cirochou,,PV,Humenné,702,,,48.918,21.9807,3
SK,094 06,Košarovce,,PV,Humenné,702,,,49.0424,21.781,4
SK,094 07,Pakostov,,PV,Humenné,702,,,49.0924,21.8247,4
SK,094 08,Prituľany,,PV,Humenné,702,,,49.1297,21.7743,4
SK,059 01,Strážky,,PV,Kežmarok,703,,,49.1744,20.4558,4
SK,059 02,Slovenská Ves,,PV,Kežmarok,703,,,49.2248,20.4251,4
SK,059 04,Zálesie,,PV,Kežmarok,703,,,49.3261,20.3874,4
SK,059 06,Lechnica,,PV,Kežmarok,703,,,49.382,20.4085,4
SK,059 07,Lendak,,PV,Kežmarok,703,,,49.2344,20.3565,4
SK,059 52,Stará Lesná,,PV,Kežmarok,703,,,49.1368,20.3046,4
SK,059 71,Tvarožná,,PV,Kežmarok,703,,,49.0855,20.4783,4
SK,059 72,Pikovce,,PV,Kežmarok,703,,,49.0394,20.4611,4
SK,059 73,Žakovce,,PV,Kežmarok,703,,,49.0832,20.3977,4
SK,059 76,Rakúsy,,PV,Kežmarok,703,,,49.1884,20.3818,4
SK,059 78,Veľká Franková,,PV,Kežmarok,703,,,49.3383,20.2937,4
SK,059 79,Osturňa,,PV,Kežmarok,703,,,49.3301,20.2272,4
SK,059 92,Huncovce,,PV,Kežmarok,703,,,49.115,20.3767,4
SK,059 93,Bušovce,,PV,Kežmarok,703,,,49.2178,20.4867,4
SK,059 94,Majerka,,PV,Kežmarok,703,,,49.1809,20.5467,4
SK,059 95,Toporec,,PV,Kežmarok,703,,,49.2641,20.4929,4
SK,060 01,Malý Slavkov,,PV,Kežmarok,703,,,49.1368,20.3888,4
SK,061 01,Lysá nad Dunajcom,,PV,Kežmarok,703,,,49.4002,20.3392,4
SK,053 02,Klčov,,PV,Levoča,704,,,49.0039,20.6681,4
SK,053 03,Lúčka,,PV,Levoča,704,,,49.0268,20.7293,4
SK,053 04,Baldovce,,PV,Levoča,704,,,48.9923,20.7138,4
SK,053 05,Granč - Petrovce,,PV,Levoča,704,,,48.9965,20.8047,4
SK,053 06,Bijacovce,,PV,Levoča,704,,,49.0238,20.7994,4
SK,053 14,Dravce,,PV,Levoča,704,,,49.0197,20.4853,4
SK,053 71,Nižné Repaše,,PV,Levoča,704,,,49.0893,20.7042,4
SK,053 73,Podproč,,PV,Levoča,704,,,49.0638,20.7733,4
SK,054 01,Levočská Dolina,,PV,Levoča,704,,,49.0288,20.5771,3
SK,067 02,Čabiny,,PV,Medzilaborce,705,,,49.2291,21.8611,3
SK,067 04,Repejov,,PV,Medzilaborce,705,,,49.2,21.9833,4
SK,067 16,Oľšinkov,,PV,Medzilaborce,705,,,49.1998,22.0393,4
SK,067 52,Habura,,PV,Medzilaborce,705,,,49.3246,21.8618,4
SK,068 01,Medzilaborce,,PV,Medzilaborce,705,,,49.2719,21.9007,4
SK,058 01,Veľká,,PV,Poprad,706,,,49.0654,20.2822,4
SK,059 11,Hozelec,,PV,Poprad,706,,,49.0344,20.3469,4
SK,059 12,Ondrej,,PV,Poprad,706,,,49.0223,20.1956,3
SK,059 13,Machalovce,,PV,Poprad,706,,,49.0167,20.45,4
SK,059 14,Spišský Štiavnik,,PV,Poprad,706,,,48.9937,20.3585,4
SK,059 16,Hranovnica,,PV,Poprad,706,,,48.9895,20.309,4
SK,059 17,Vernár,,PV,Poprad,706,,,48.9175,20.2706,4
SK,059 18,Spišské Bystré,,PV,Poprad,706,,,48.9911,20.2436,4
SK,059 19,Vikartovce,,PV,Poprad,706,,,48.9935,20.1509,4
SK,059 21,Svit,,PV,Poprad,706,,,49.0601,20.2069,4
SK,059 31,Lučivná,,PV,Poprad,706,,,49.0515,20.1424,4
SK,059 34,Spišská Teplica,,PV,Poprad,706,,,49.046,20.2487,4
SK,059 35,Batizovce,,PV,Poprad,706,,,49.0761,20.185,4
SK,059 36,Mengusovce,,PV,Poprad,706,,,49.0735,20.1403,4
SK,059 37,Štôla,,PV,Poprad,706,,,49.0924,20.1405,4
SK,059 38,Štrba,,PV,Poprad,706,,,49.0591,20.0797,4
SK,059 39,Nižná Šuňava,,PV,Poprad,706,,,49.0333,20.1,4
SK,059 40,Liptovská Teplička,,PV,Poprad,706,,,48.9664,20.0888,4
SK,059 41,Tatranská Štrba,,PV,Poprad,706,,,49.0875,20.0731,4
SK,059 42,Gerlachov,,PV,Poprad,706,,,49.027,20.081,1
SK,059 51,Matejovce,,PV,Poprad,706,,,49.0799,20.328,4
SK,059 54,Tatranská Kotlina,,PV,Poprad,706,,,49.2277,20.3213,4
SK,059 55,Ždiar,,PV,Poprad,706,,,49.271,20.2624,4
SK,059 56,Podspády,,PV,Poprad,706,,,49.2818,20.1749,4
SK,059 60,Tatranská Lesná,,PV,Poprad,706,,,49.1662,20.2813,3
SK,059 81,Dolný Smokovec,,PV,Poprad,706,,,49.127,20.2505,4
SK,059 83,Nová Polianka,,PV,Poprad,706,,,49.1219,20.1764,1
SK,059 84,Vyšné Hágy,,PV,Poprad,706,,,49.1185,20.1246,4
SK,059 85,Štrbské Pleso,,PV,Poprad,706,,,49.1194,20.0629,4
SK,059 86,Nová Lesná,,PV,Poprad,706,,,49.1225,20.2674,4
SK,059 91,Mlynica,,PV,Poprad,706,,,49.1009,20.3137,4
SK,062 01,Starý Smokovec,,PV,Poprad,706,,,49.139,20.2203,4
SK,080 01,Vysielač,,PV,Prešov,707,,,48.9917,21.2068,3
SK,080 05,Ruská Nová Ves,,PV,Prešov,707,,,48.9773,21.3244,4
SK,080 06,Severná,,PV,Prešov,707,,,49.013,21.2987,3
SK,082 01,Drienovská Nová Ves,,PV,Prešov,707,,,48.878,21.3397,1
SK,082 03,Ličartovce,,PV,Prešov,707,,,48.8761,21.2467,4
SK,082 04,Drienov,,PV,Prešov,707,,,48.8732,21.2738,4
SK,082 05,Brestov,,PV,Prešov,707,,,48.8712,21.3509,4
SK,082 06,Mirkovce,,PV,Prešov,707,,,48.8922,21.3257,4
SK,082 07,Červenica,,PV,Prešov,707,,,48.8868,21.449,4
SK,082 12,Lipníky,,PV,Prešov,707,,,49.0447,21.4061,4
SK,082 13,Tulčík,,PV,Prešov,707,,,49.089,21.3097,4
SK,082 14,Čelovce,,PV,Prešov,707,,,49.0797,21.3997,4
SK,082 15,Podhrabina,,PV,Prešov,707,,,49.068,21.4381,3
SK,082 16,Fintice,,PV,Prešov,707,,,49.0519,21.2866,4
SK,082 21,Kanaš,,PV,Prešov,707,,,49.0575,21.2319,4
SK,082 32,Lažany,,PV,Prešov,707,,,49.036,21.0985,4
SK,082 33,Chminianska Nová Ves,,PV,Prešov,707,,,49.0033,21.0825,4
SK,082 35,Štefanovce,,PV,Prešov,707,,,49.0418,20.9727,4
SK,082 36,Lipovce - chaty,,PV,Prešov,707,,,49.0535,20.9417,3
SK,082 37,Fričovce,,PV,Prešov,707,,,49.0167,20.963,4
SK,082 38,Víťaz,,PV,Prešov,707,,,48.9714,20.9565,4
SK,082 41,Brežany,,PV,Prešov,707,,,48.9564,21.1072,3
SK,082 42,Radatice,,PV,Prešov,707,,,48.925,21.1769,3
SK,082 43,Suchá Dolina,,PV,Prešov,707,,,48.9156,21.1433,4
SK,082 44,Klenov,,PV,Prešov,707,,,48.9267,21.056,4
SK,082 52,Sigord,,PV,Prešov,707,,,48.9456,21.3519,3
SK,082 53,Močarmany,,PV,Prešov,707,,,48.912,21.2597,4
SK,082 66,Gregorovce,,PV,Prešov,707,,,49.0674,21.2076,4
SK,082 67,Mošurov,,PV,Prešov,707,,,49.1196,21.2531,4
SK,082 22,Šarišské Michaľany,,PV,Sabinov,708,,,49.0679,21.1354,4
SK,082 56,Pečovská Nová Ves,,PV,Sabinov,708,,,49.1238,21.0437,4
SK,082 57,Majdan,,PV,Sabinov,708,,,49.1923,21.0814,4
SK,082 61,Uzovský Šalgov,,PV,Sabinov,708,,,49.0917,21.0606,4
SK,082 63,Renčišov,,PV,Sabinov,708,,,49.0936,20.9639,4
SK,082 71,Ďačov,,PV,Sabinov,708,,,49.1642,20.9665,3
SK,082 73,Bajerovce,,PV,Sabinov,708,,,49.2138,20.7975,4
SK,082 74,Tichý Potok,,PV,Sabinov,708,,,49.1471,20.7891,4
SK,082 75,Nižný Slavkov,,PV,Sabinov,708,,,49.1023,20.8505,4
SK,082 76,Oľšov,,PV,Sabinov,708,,,49.18,20.8795,4
SK,083 01,Červená Voda,,PV,Sabinov,708,,,49.1165,21.1067,3
SK,067 35,Parihuzovce,,PV,Snina,709,,,49.1083,22.1923,4
SK,067 61,Jalová,,PV,Snina,709,,,49.039,22.2374,4
SK,067 65,Runina,,PV,Snina,709,,,49.0713,22.4014,4
SK,067 66,Ruský Potok,,PV,Snina,709,,,49.0279,22.4102,4
SK,067 67,Ulič,,PV,Snina,709,,,48.9588,22.4281,4
SK,067 68,Zboj,,PV,Snina,709,,,49.0288,22.4837,4
SK,067 71,Ladomirov,,PV,Snina,709,,,48.9276,22.2973,4
SK,067 72,Ruská Volová,,PV,Snina,709,,,48.9447,22.3663,4
SK,067 73,Strihovce,,PV,Snina,709,,,48.8965,22.2779,4
SK,067 77,Zemplínske Hámre,,PV,Snina,709,,,48.9193,22.334,1
SK,067 81,Belá nad Cirochou,,PV,Snina,709,,,48.975,22.1076,4
SK,069 01,Pichne,,PV,Snina,709,,,49.0377,22.1214,4
SK,064 01,Chmeľnica,,PV,Stará Ľubovňa,710,,,49.2961,20.7295,4
SK,065 01,Lacková,,PV,Stará Ľubovňa,710,,,49.2996,20.6218,3
SK,065 02,Vyšné Ružbachy,,PV,Stará Ľubovňa,710,,,49.3039,20.5656,4
SK,065 03,Podolínec,,PV,Stará Ľubovňa,710,,,49.2587,20.536,4
SK,065 11,Kolačkov,,PV,Stará Ľubovňa,710,,,49.2609,20.6288,4
SK,065 12,Jakubany,,PV,Stará Ľubovňa,710,,,49.2481,20.6959,4
SK,065 22,Kače,,PV,Stará Ľubovňa,710,,,49.4146,20.7363,4
SK,065 31,Litmanová,,PV,Stará Ľubovňa,710,,,49.3701,20.6229,4
SK,065 32,Kamienka,,PV,Stará Ľubovňa,710,,,49.3324,20.6146,4
SK,065 33,Lesnica,,PV,Stará Ľubovňa,710,,,49.402,20.4698,4
SK,065 34,Veľká Lesná,,PV,Stará Ľubovňa,710,,,49.3313,20.4369,4
SK,065 41,Ľubotín,,PV,Stará Ľubovňa,710,,,49.2634,20.8769,4
SK,065 42,Ruská Voľa n/Popr.,,PV,Stará Ľubovňa,710,,,49.2909,20.9529,3
SK,065 43,Andrejovka,,PV,Stará Ľubovňa,710,,,49.2876,20.8973,4
SK,065 44,Plaveč,,PV,Stará Ľubovňa,710,,,49.2627,20.8423,4
SK,065 45,Údol,,PV,Stará Ľubovňa,710,,,49.2916,20.8076,4
SK,065 46,Sulín,,PV,Stará Ľubovňa,710,,,49.332,20.8028,3
SK,065 48,Šarišské Jastrabie,,PV,Stará Ľubovňa,710,,,49.2429,20.9089,4
SK,090 21,Vyškovce,,PV,Stropkov,711,,,49.251,21.6693,4
SK,090 22,Bukovce,,PV,Stropkov,711,,,49.302,21.705,3
SK,090 23,Vladiča,,PV,Stropkov,711,,,49.2713,21.7826,3
SK,090 24,Malá Poľana,,PV,Stropkov,711,,,49.2802,21.8235,4
SK,090 31,Korunková,,PV,Stropkov,711,,,49.1663,21.7627,3
SK,090 32,Nižná Olšava,,PV,Stropkov,711,,,49.1433,21.6342,4
SK,090 33,Turany nad Ondavou,,PV,Stropkov,711,,,49.0997,21.6565,4
SK,090 34,Vyšný Hrabovec,,PV,Stropkov,711,,,49.0892,21.6877,4
SK,091 01,Tisinec,,PV,Stropkov,711,,,49.2213,21.637,4
SK,086 44,Želmanovce,,PV,Svidník,712,,,49.1182,21.4283,4
SK,089 01,Svidník,,PV,Svidník,712,,,49.3082,21.5703,4
SK,090 01,Kapišová,,PV,Svidník,712,,,49.3457,21.5941,4
SK,090 02,Havranec,,PV,Svidník,712,,,49.4111,21.5551,4
SK,090 03,Vagrinec,,PV,Svidník,712,,,49.314,21.6273,4
SK,090 05,Bodružal,,PV,Svidník,712,,,49.3537,21.7073,4
SK,090 11,Nižný Orlík,,PV,Svidník,712,,,49.3332,21.5286,4
SK,090 16,Rovné,,PV,Svidník,712,,,49.2817,21.518,4
SK,090 41,Mestisko,,PV,Svidník,712,,,49.2603,21.5808,4
SK,090 42,Šapinec,,PV,Svidník,712,,,49.1941,21.5254,4
SK,093 01,Čičava,,PV,Vranov nad Topľou,713,,,48.9244,21.6698,4
SK,093 02,Hencovce,,PV,Vranov nad Topľou,713,,,48.8764,21.734,4
SK,093 03,Kamenná Poruba,,PV,Vranov nad Topľou,713,,,48.8476,21.6491,4
SK,094 01,Tovarnian.Polianka,,PV,Vranov nad Topľou,713,,,48.9367,21.7584,3
SK,094 02,Malá Domaša,,PV,Vranov nad Topľou,713,,,48.9711,21.7111,4
SK,094 03,Žalobín,,PV,Vranov nad Topľou,713,,,48.9695,21.7298,4
SK,094 04,Nová Kelča,,PV,Vranov nad Topľou,713,,,49.0157,21.7495,1
SK,094 05,Rafajovce,,PV,Vranov nad Topľou,713,,,49.0298,21.7339,3
SK,094 09,Podčičva,,PV,Vranov nad Topľou,713,,,48.9079,21.7328,4
SK,094 12,Banské,,PV,Vranov nad Topľou,713,,,48.8299,21.5758,4
SK,094 13,Dlhé Klčovo,,PV,Vranov nad Topľou,713,,,48.8108,21.7399,4
SK,094 14,Sečovská Polianka,,PV,Vranov nad Topľou,713,,,48.7824,21.6839,4
SK,094 15,Zámutov,,PV,Vranov nad Topľou,713,,,48.9014,21.557,4
SK,094 21,Kladzany,,PV,Vranov nad Topľou,713,,,48.8843,21.7496,4
SK,094 22,Nižný Hrušov,,PV,Vranov nad Topľou,713,,,48.8075,21.773,4
SK,094 23,Dobrianky,,PV,Vranov nad Topľou,713,,,48.969,21.6392,3
SK,094 31,Radvanovce,,PV,Vranov nad Topľou,713,,,49.0495,21.4608,4
SK,094 33,Petkovce,,PV,Vranov nad Topľou,713,,,49.0021,21.6002,4
SK,094 34,Bystré,,PV,Vranov nad Topľou,713,,,49.0113,21.5429,4
SK,094 35,Rudlov,,PV,Vranov nad Topľou,713,,,48.9231,21.5726,4
SK,929 01,Čenkesfa,,TA,Dunajská Streda,201,,,47.9639,17.6464,3
SK,930 01,Veľké Blahovo,,TA,Dunajská Streda,201,,,48.0037,17.5764,4
SK,930 02,Dolná Potôň,,TA,Dunajská Streda,201,,,48.0167,17.55,4
SK,930 03,Pinkove Kračany,,TA,Dunajská Streda,201,,,47.9715,17.5818,4
SK,930 04,Jurová,,TA,Dunajská Streda,201,,,47.9336,17.5228,4
SK,930 05,Gabčíkovo,,TA,Dunajská Streda,201,,,47.8921,17.5788,4
SK,930 06,Sap,,TA,Dunajská Streda,201,,,47.8167,17.6167,4
SK,930 07,Kľúčovec,,TA,Dunajská Streda,201,,,47.8003,17.6651,3
SK,930 08,Baloň,,TA,Dunajská Streda,201,,,47.8259,17.6779,4
SK,930 10,Jánošíkovo na Ostrov,,TA,Dunajská Streda,201,,,47.9333,17.7167,3
SK,930 11,Topoľníky,,TA,Dunajská Streda,201,,,47.9675,17.7902,4
SK,930 12,Ohrady,,TA,Dunajská Streda,201,,,47.9833,17.7,4
SK,930 13,Trhová Hradská,,TA,Dunajská Streda,201,,,47.99,17.7611,4
SK,930 14,Dolný Bar,,TA,Dunajská Streda,201,,,47.9659,17.6881,4
SK,930 16,Vydrany,,TA,Dunajská Streda,201,,,48.0181,17.5859,4
SK,930 21,Dunajský Klátov,,TA,Dunajská Streda,201,,,48.0331,17.6957,4
SK,930 25,Vrakúň,,TA,Dunajská Streda,201,,,47.9429,17.6011,4
SK,930 30,Báč,,TA,Dunajská Streda,201,,,48.0026,17.3742,4
SK,930 31,Dobrohošť,,TA,Dunajská Streda,201,,,47.9827,17.3656,4
SK,930 32,Blatná na Ostrove,,TA,Dunajská Streda,201,,,48.0084,17.4426,4
SK,930 33,Horný Bar,,TA,Dunajská Streda,201,,,47.9483,17.4627,4
SK,930 34,Kostolná Gala,,TA,Dunajská Streda,201,,,47.9991,17.4825,3
SK,930 35,Kolónia,,TA,Dunajská Streda,201,,,48.0367,17.4414,1
SK,930 36,Čečínska Potôň,,TA,Dunajská Streda,201,,,48.0344,17.5112,4
SK,930 37,Lehnice,,TA,Dunajská Streda,201,,,48.0558,17.4634,4
SK,930 38,Vojtechovce,,TA,Dunajská Streda,201,,,48.1013,17.4769,4
SK,930 39,Horné Janíky,,TA,Dunajská Streda,201,,,48.1062,17.4179,3
SK,930 40,Čakany,,TA,Dunajská Streda,201,,,48.118,17.3662,4
SK,930 41,Mierovo,,TA,Dunajská Streda,201,,,48.0615,17.343,3
SK,930 51,Malá Paka,,TA,Dunajská Streda,201,,,48.0467,17.3902,4
SK,930 52,Blahová,,TA,Dunajská Streda,201,,,48.0908,17.5131,3
SK,931 01,Bučuháza,,TA,Dunajská Streda,201,,,48.0193,17.3252,3
SK,932 01,Veľký Meder,,TA,Dunajská Streda,201,,,47.858,17.7688,4
SK,924 01,Galanta,,TA,Galanta,202,,,48.19,17.7275,4
SK,925 01,Javorinka,,TA,Galanta,202,,,48.1684,17.7318,3
SK,925 02,Horné Saliby - Hrušov,,TA,Galanta,202,,,48.1072,17.7817,3
SK,925 03,Horné Saliby,,TA,Galanta,202,,,48.1231,17.7589,4
SK,925 04,Tomášikovo,,TA,Galanta,202,,,48.0844,17.6915,4
SK,925 05,Vozokany,,TA,Galanta,202,,,48.1058,17.6881,4
SK,925 06,Čierna Voda,,TA,Galanta,202,,,48.129,17.6515,4
SK,925 07,Mostová,,TA,Galanta,202,,,48.1401,17.6763,4
SK,925 08,Čierny Brod,,TA,Galanta,202,,,48.1473,17.6532,4
SK,925 09,Košúty,,TA,Galanta,202,,,48.1699,17.6576,4
SK,925 21,Malá Mača,,TA,Galanta,202,,,48.2222,17.6394,4
SK,925 22,Jánovce,,TA,Galanta,202,,,48.178,17.5324,4
SK,925 27,Veľký Grob,,TA,Galanta,202,,,48.2497,17.4961,4
SK,925 28,Pusté Úľany,,TA,Galanta,202,,,48.2315,17.5739,4
SK,925 32,Veľká Mača,,TA,Galanta,202,,,48.2415,17.6899,4
SK,925 41,Mačonáš,,TA,Galanta,202,,,48.0602,17.8281,3
SK,925 42,Trstice,,TA,Galanta,202,,,48.0145,17.8084,4
SK,925 45,Hoste,,TA,Galanta,202,,,48.2604,17.6394,4
SK,925 51,Šintava,,TA,Galanta,202,,,48.2836,17.7583,4
SK,925 52,Štrkovec,,TA,Galanta,202,,,48.2039,17.8451,4
SK,925 53,Pata,,TA,Galanta,202,,,48.2775,17.823,4
SK,925 54,Pusté Sady,,TA,Galanta,202,,,48.3134,17.8295,4
SK,925 55,Vinohrady nad Váhom,,TA,Galanta,202,,,48.2855,17.8151,1
SK,925 62,Váhovce,,TA,Galanta,202,,,48.2492,17.7854,4
SK,925 63,Dolná Streda,,TA,Galanta,202,,,48.2691,17.7499,4
SK,925 92,Topoľnica,,TA,Galanta,202,,,48.1698,17.7949,4
SK,926 01,Sereď,,TA,Galanta,202,,,48.3126,17.7205,3
SK,919 33,Trakovice,,TA,Hlohovec,203,,,48.4393,17.7116,4
SK,920 01,Koplotovce,,TA,Hlohovec,203,,,48.4778,17.8082,4
SK,920 03,Šulekovo,,TA,Hlohovec,203,,,48.4318,17.7745,4
SK,920 41,Leopoldov,,TA,Hlohovec,203,,,48.4457,17.7646,4
SK,920 42,Červeník,,TA,Hlohovec,203,,,48.4594,17.7569,4
SK,920 52,Horné Zelenice,,TA,Hlohovec,203,,,48.3856,17.7597,4
SK,920 55,Bojničky,,TA,Hlohovec,203,,,48.3901,17.7978,4
SK,920 56,Posádka,,TA,Hlohovec,203,,,48.3724,17.7737,4
SK,920 61,Dolné Otrokovce,,TA,Hlohovec,203,,,48.4681,17.9101,4
SK,920 62,Horné Otrokovce,,TA,Hlohovec,203,,,48.4365,17.8847,1
SK,920 63,Pastuchov,,TA,Hlohovec,203,,,48.4263,17.8781,4
SK,920 64,Kľačany,,TA,Hlohovec,203,,,48.3898,17.8712,4
SK,920 65,Sasinkovo,,TA,Hlohovec,203,,,48.3712,17.8493,4
SK,920 66,Tepličky,,TA,Hlohovec,203,,,48.4661,17.8522,4
SK,922 31,Jalšové,,TA,Hlohovec,203,,,48.5094,17.8275,4
SK,922 42,Madunice,,TA,Hlohovec,203,,,48.4772,17.7803,4
SK,921 01,Kocurice,,TA,Piešťany,204,,,48.5827,17.7642,4
SK,922 01,Ostrov,,TA,Piešťany,204,,,48.6273,17.7686,4
SK,922 02,Krakovany,,TA,Piešťany,204,,,48.612,17.7523,4
SK,922 03,Šípkové,,TA,Piešťany,204,,,48.6575,17.7181,4
SK,922 04,Kočín,,TA,Piešťany,204,,,48.6017,17.659,4
SK,922 05,Chtelnica,,TA,Piešťany,204,,,48.5691,17.6231,4
SK,922 06,Nižná,,TA,Piešťany,204,,,48.5329,17.6504,4
SK,922 07,Pečeňady,,TA,Piešťany,204,,,48.4849,17.7202,4
SK,922 08,Veselé,,TA,Piešťany,204,,,48.5497,17.7343,4
SK,922 09,Borovce,,TA,Piešťany,204,,,48.5725,17.7456,4
SK,922 10,Trebatice,,TA,Piešťany,204,,,48.5965,17.7515,4
SK,922 11,Pustá Ves,,TA,Piešťany,204,,,48.6374,17.6335,4
SK,922 21,Ducové,,TA,Piešťany,204,,,48.6096,17.8715,3
SK,922 41,Drahovce,,TA,Piešťany,204,,,48.5159,17.8029,4
SK,905 01,Sotina,,TA,Senica,205,,,48.6853,17.3727,4
SK,906 02,Dojč,,TA,Senica,205,,,48.6775,17.2543,4
SK,906 03,Smrdáky,,TA,Senica,205,,,48.7223,17.3024,4
SK,906 04,Rohov,,TA,Senica,205,,,48.7272,17.3458,4
SK,906 05,Horná Dolina,,TA,Senica,205,,,48.7358,17.4311,3
SK,906 07,Šajdíkove Humence,,TA,Senica,205,,,48.6543,17.2676,4
SK,906 11,Podhorie,,TA,Senica,205,,,48.6741,17.4415,3
SK,906 12,Osuské,,TA,Senica,205,,,48.6242,17.44,4
SK,906 31,Hlboké,,TA,Senica,205,,,48.6592,17.4068,4
SK,906 32,Jablonica,,TA,Senica,205,,,48.606,17.4217,4
SK,906 33,Cerová,,TA,Senica,205,,,48.587,17.3808,4
SK,906 34,Prievaly,,TA,Senica,205,,,48.5568,17.3492,4
SK,906 45,Štefanov,,TA,Senica,205,,,48.6792,17.201,4
SK,908 01,Kúty,,TA,Senica,205,,,48.66,17.0282,4
SK,908 41,Stráže nad Myjavou,,TA,Senica,205,,,48.6483,17.1384,4
SK,908 42,Smolinské,,TA,Senica,205,,,48.6752,17.1302,4
SK,908 43,Čáry,,TA,Senica,205,,,48.6551,17.0913,4
SK,908 71,Moravský Svätý Ján,,TA,Senica,205,,,48.5916,17.0022,4
SK,908 76,Mikulášov,,TA,Senica,205,,,48.5769,17.1854,3
SK,908 77,Bílkove Humence,,TA,Senica,205,,,48.5857,17.2381,4
SK,908 78,Kuklov,,TA,Senica,205,,,48.639,17.0726,4
SK,908 79,Borský Svätý Jur,,TA,Senica,205,,,48.6137,17.0466,4
SK,908 80,Sekule,,TA,Senica,205,,,48.601,17.0038,4
SK,908 44,Letničie,,TA,Skalica,206,,,48.7115,17.1791,4
SK,908 45,Gbely,,TA,Skalica,206,,,48.718,17.1163,4
SK,908 46,Unín,,TA,Skalica,206,,,48.7252,17.2145,4
SK,908 47,Radimov,,TA,Skalica,206,,,48.7514,17.1958,4
SK,908 48,Cunín,,TA,Skalica,206,,,48.7872,17.1135,3
SK,908 49,Vrádište,,TA,Skalica,206,,,48.8236,17.1909,4
SK,908 51,Holíč,,TA,Skalica,206,,,48.8111,17.1624,4
SK,908 61,Popudinské Močidľany,,TA,Skalica,206,,,48.7711,17.2832,1
SK,908 62,Vidovany,,TA,Skalica,206,,,48.771,17.2536,4
SK,908 63,Vieska,,TA,Skalica,206,,,48.7638,17.2785,4
SK,908 64,Chropov,,TA,Skalica,206,,,48.7742,17.3182,4
SK,908 65,Mokrý Háj,,TA,Skalica,206,,,48.8128,17.2442,4
SK,908 85,Brodské,,TA,Skalica,206,,,48.6909,17.0145,4
SK,909 01,Skalica,,TA,Skalica,206,,,48.8449,17.2264,4
SK,917 05,Modranka,,TA,Trnava,207,,,48.3494,17.609,4
SK,919 01,Zvončín,,TA,Trnava,207,,,48.4007,17.5065,4
SK,919 02,Dolné Orešany,,TA,Trnava,207,,,48.4397,17.4294,4
SK,919 03,Horné Orešany,,TA,Trnava,207,,,48.4674,17.441,4
SK,919 04,Smolenická Nová Ves,,TA,Trnava,207,,,48.4995,17.4233,4
SK,919 05,Rasochov,,TA,Trnava,207,,,48.5268,17.4657,3
SK,919 07,Bíňovce,,TA,Trnava,207,,,48.5042,17.4807,4
SK,919 08,Boleráz,,TA,Trnava,207,,,48.4681,17.4948,4
SK,919 09,Bohdanovce n/Trnavou,,TA,Trnava,207,,,48.4312,17.5313,3
SK,919 10,Buková,,TA,Trnava,207,,,48.5432,17.397,4
SK,919 21,Zeleneč,,TA,Trnava,207,,,48.329,17.5954,4
SK,919 22,Majcichov,,TA,Trnava,207,,,48.2846,17.6303,4
SK,919 23,Vlčkovce,,TA,Trnava,207,,,48.317,17.6497,4
SK,919 24,Križovany n/Dudváhom,,TA,Trnava,207,,,48.359,17.6742,1
SK,919 25,Šúrovce,,TA,Trnava,207,,,48.3312,17.7186,4
SK,919 26,Zavar,,TA,Trnava,207,,,48.3528,17.6738,4
SK,919 27,Dolné Lovčice,,TA,Trnava,207,,,48.3665,17.6763,4
SK,919 28,Bučany,,TA,Trnava,207,,,48.4158,17.6972,4
SK,919 29,Malženice,,TA,Trnava,207,,,48.4501,17.675,4
SK,919 30,Bohunice,,TA,Trnava,207,,,48.4802,17.6421,4
SK,919 31,Jas.Bohunice-At.el.,,TA,Trnava,207,,,48.4406,17.6369,1
SK,919 32,Opoj,,TA,Trnava,207,,,48.3021,17.6438,4
SK,919 34,Biely Kostol,,TA,Trnava,207,,,48.3675,17.5304,4
SK,919 35,Hrnčiarovce n/Parnou,,TA,Trnava,207,,,48.4406,17.6369,1
SK,919 42,Slovenská Nová Ves,,TA,Trnava,207,,,48.2922,17.5338,4
SK,919 43,Pác,,TA,Trnava,207,,,48.3032,17.5216,4
SK,919 51,Špačince,,TA,Trnava,207,,,48.4402,17.6074,4
SK,919 52,Dolné Dubové,,TA,Trnava,207,,,48.4917,17.6102,4
SK,919 53,Dechtice,,TA,Trnava,207,,,48.5469,17.5967,4
SK,919 54,Dobrá Voda,,TA,Trnava,207,,,48.5972,17.5385,4
SK,919 55,Kátlovce,,TA,Trnava,207,,,48.5243,17.6099,4
SK,919 61,Ružindol,,TA,Trnava,207,,,48.3718,17.4911,4
SK,919 65,Naháč,,TA,Trnava,207,,,48.5345,17.5327,4
SK,917 01,Trnava,,TA,,,,,48.3774,17.5872,4
SK,917 02,Trnava,,TA,,,,,48.3774,17.5872,4
SK,917 08,Trnava,,TA,,,,,48.3774,17.5872,4
SK,956 35,Nedašovce,,TC,Bánovce nad Bebravou,301,,,48.609,18.21,1
SK,956 36,Borčany,,TC,Bánovce nad Bebravou,301,,,48.609,18.21,1
SK,956 37,Zlatníky,,TC,Bánovce nad Bebravou,301,,,48.609,18.21,1
SK,956 41,Závada p/Čier.vrchom,,TC,Bánovce nad Bebravou,301,,,48.532,18.0794,1
SK,956 52,Podlužany,,TC,Bánovce nad Bebravou,301,,,48.532,18.0794,1
SK,956 53,Čierna Lehota,,TC,Bánovce nad Bebravou,301,,,48.532,18.0794,1
SK,956 54,Horné Držkovce,,TC,Bánovce nad Bebravou,301,,,48.532,18.0794,1
SK,956 55,Veľké Chlievany,,TC,Bánovce nad Bebravou,301,,,48.532,18.0794,1
SK,957 01,Brezolupy,,TC,Bánovce nad Bebravou,301,,,48.4084,18.1537,1
SK,957 03,Prusy,,TC,Bánovce nad Bebravou,301,,,48.4084,18.1537,1
SK,018 31,Kopec,,TC,Ilava,302,,,49.1135,18.2144,1
SK,018 32,Zliechov,,TC,Ilava,302,,,49.1135,18.2144,1
SK,018 35,Horná Poruba,,TC,Ilava,302,,,49.1135,18.2144,1
SK,018 41,Prejta,,TC,Ilava,302,,,49.1135,18.2144,1
SK,018 51,Nová Dubnica,,TC,Ilava,302,,,48.9348,18.1463,4
SK,018 52,Pruské,,TC,Ilava,302,,,48.9348,18.1463,1
SK,018 53,Borčice,,TC,Ilava,302,,,48.9348,18.1463,1
SK,018 54,Sedmerovec,,TC,Ilava,302,,,48.9348,18.1463,1
SK,018 55,Tuchyňa,,TC,Ilava,302,,,48.9348,18.1463,1
SK,018 56,Červený Kameň,,TC,Ilava,302,,,48.9348,18.1463,1
SK,018 57,Mikušovce,,TC,Ilava,302,,,48.9348,18.1463,1
SK,018 63,Ladce,,TC,Ilava,302,,,49.1135,18.2144,1
SK,018 64,Nozdrovice,,TC,Ilava,302,,,49.1135,18.2144,1
SK,019 01,Ilava,,TC,Ilava,302,,,49.2088,18.6786,1
SK,906 06,Chvojnica,,TC,Myjava,303,,,48.7196,17.3468,1
SK,906 13,Brezová pod Bradlom,,TC,Myjava,303,,,48.6418,17.4564,1
SK,906 14,Bukovec,,TC,Myjava,303,,,48.6418,17.4564,1
SK,906 15,Horné Košariská,,TC,Myjava,303,,,48.6418,17.4564,1
SK,906 21,Jablonka,,TC,Myjava,303,,,48.6363,17.3464,1
SK,906 22,Poriadie,,TC,Myjava,303,,,48.6363,17.3464,1
SK,906 23,Rudník,,TC,Myjava,303,,,48.6363,17.3464,1
SK,907 01,Stará Myjava,,TC,Myjava,303,,,48.7932,17.5888,4
SK,907 03,Turá Lúka,,TC,Myjava,303,,,48.7451,17.5354,4
SK,916 13,Babulicov Vrch,,TC,Myjava,303,,,48.7559,17.7094,1
SK,916 14,Hodulov Vrch,,TC,Myjava,303,,,48.7559,17.7094,1
SK,916 16,Podkylava,,TC,Myjava,303,,,48.7559,17.7094,1
SK,913 07,Haluzice,,TC,Nové Mesto n.Váhom,304,,,48.8511,17.9228,1
SK,913 08,Nová Bošáca,,TC,Nové Mesto n.Váhom,304,,,48.8511,17.9228,1
SK,915 01,Nové Mesto nad Váhom,,TC,Nové Mesto n.Váhom,304,,,48.7576,17.8309,4
SK,916 01,Paprad,,TC,Nové Mesto n.Váhom,304,,,48.7559,17.7094,1
SK,916 11,Hrušové,,TC,Nové Mesto n.Váhom,304,,,48.7559,17.7094,1
SK,916 12,Hrnčiarové,,TC,Nové Mesto n.Váhom,304,,,48.7559,17.7094,1
SK,916 21,Čachtice,,TC,Nové Mesto n.Váhom,304,,,48.7559,17.7094,1
SK,916 22,Podolie,,TC,Nové Mesto n.Váhom,304,,,48.7559,17.7094,1
SK,916 23,Pobedim,,TC,Nové Mesto n.Váhom,304,,,48.7559,17.7094,1
SK,916 24,Horná Streda,,TC,Nové Mesto n.Váhom,304,,,48.7559,17.7094,1
SK,916 25,Potvorice,,TC,Nové Mesto n.Váhom,304,,,48.7559,17.7094,1
SK,916 26,Mošovce,,TC,Nové Mesto n.Váhom,304,,,48.7559,17.7094,1
SK,916 27,Častkovce,,TC,Nové Mesto n.Váhom,304,,,48.7559,17.7094,1
SK,916 31,Kočovce,,TC,Nové Mesto n.Váhom,304,,,48.7667,17.8833,3
SK,916 32,Hôrka nad Váhom,,TC,Nové Mesto n.Váhom,304,,,48.7559,17.7094,1
SK,916 33,Hrádok,,TC,Nové Mesto n.Váhom,304,,,48.7451,17.5354,3
SK,916 35,Stará Lehota,,TC,Nové Mesto n.Váhom,304,,,48.7559,17.7094,1
SK,916 37,Kálnica,,TC,Nové Mesto n.Váhom,304,,,48.7559,17.7094,1
SK,916 38,Beckov,,TC,Nové Mesto n.Váhom,304,,,48.7559,17.7094,1
SK,916 41,Dolné Srnie,,TC,Nové Mesto n.Váhom,304,,,48.7559,17.7094,1
SK,916 42,Šance,,TC,Nové Mesto n.Váhom,304,,,48.7559,17.7094,1
SK,956 18,Bošany,,TC,Partizánske,305,,,48.4839,18.1399,1
SK,956 33,Chynorany,,TC,Partizánske,305,,,48.609,18.21,1
SK,956 34,Ostratice,,TC,Partizánske,305,,,48.609,18.21,1
SK,958 03,Malé Uherce,,TC,Partizánske,305,,,48.4084,18.1537,1
SK,958 04,Návojovce,,TC,Partizánske,305,,,48.4084,18.1537,1
SK,958 41,Kolačno,,TC,Partizánske,305,,,48.4084,18.1537,1
SK,958 42,Brodzany,,TC,Partizánske,305,,,48.4084,18.1537,1
SK,958 43,Nedanovce,,TC,Partizánske,305,,,48.4084,18.1537,1
SK,958 44,Janova Ves,,TC,Partizánske,305,,,48.4084,18.1537,1
SK,958 45,Klíž,,TC,Partizánske,305,,,48.4084,18.1537,1
SK,958 52,Žabokreky nad Nitrou,,TC,Partizánske,305,,,48.4084,18.1537,1
SK,958 53,Skačany,,TC,Partizánske,305,,,48.4084,18.1537,1
SK,958 54,Hradište,,TC,Partizánske,305,,,48.4084,18.1537,1
SK,017 01,Praznov,,TC,Považská Bystrica,306,,,49.2088,18.6786,1
SK,017 04,Šebešťanová,,TC,Považská Bystrica,306,,,49.2088,18.6786,1
SK,017 05,Považská Teplá,,TC,Považská Bystrica,306,,,49.2088,18.6786,1
SK,017 06,Milochov,,TC,Považská Bystrica,306,,,49.2088,18.6786,1
SK,017 07,Zemiansky Kvašov,,TC,Považská Bystrica,306,,,49.2088,18.6786,1
SK,018 01,Prosné,,TC,Považská Bystrica,306,,,49.2921,18.2824,1
SK,018 02,Hadoše,,TC,Považská Bystrica,306,,,49.2921,18.2824,1
SK,018 03,Rovné,,TC,Považská Bystrica,306,,,49.2921,18.2824,3
SK,018 12,Stupné,,TC,Považská Bystrica,306,,,49.1135,18.2144,1
SK,018 13,Podjavorník,,TC,Považská Bystrica,306,,,49.1135,18.2144,1
SK,018 15,Zemianska Závada,,TC,Považská Bystrica,306,,,49.1135,18.2144,1
SK,018 16,Malé Lednice,,TC,Považská Bystrica,306,,,49.1135,18.2144,1
SK,018 17,Jasenica,,TC,Považská Bystrica,306,,,49.1135,18.2144,1
SK,018 21,Lieskov-Dol. Lieskov,,TC,Považská Bystrica,306,,,49.1135,18.2144,1
SK,018 22,Tŕstie,,TC,Považská Bystrica,306,,,49.1135,18.2144,1
SK,018 26,Plevník - Drienové,,TC,Považská Bystrica,306,,,49.1135,18.2144,1
SK,971 01,Necpaly-Prievid. III,,TC,Prievidza,307,,,48.7357,19.4638,1
SK,972 01,Bojnice,,TC,Prievidza,307,,,48.9348,18.1463,3
SK,972 02,Kocurany,,TC,Prievidza,307,,,48.9348,18.1463,1
SK,972 05,Sebedražie,,TC,Prievidza,307,,,48.9348,18.1463,1
SK,972 11,Poruba,,TC,Prievidza,307,,,49.0355,18.8879,1
SK,972 12,Nedožery - Brezany,,TC,Prievidza,307,,,49.0355,18.8879,1
SK,972 13,Solka,,TC,Prievidza,307,,,49.0355,18.8879,1
SK,972 14,Tužina,,TC,Prievidza,307,,,49.0355,18.8879,1
SK,972 15,Kľačno,,TC,Prievidza,307,,,49.0355,18.8879,1
SK,972 16,Pravenec,,TC,Prievidza,307,,,49.0355,18.8879,1
SK,972 17,Kanianka,,TC,Prievidza,307,,,49.0355,18.8879,1
SK,972 21,Nitrianske Sučany,,TC,Prievidza,307,,,49.0355,18.8879,1
SK,972 22,Horné Vestenice,,TC,Prievidza,307,,,49.0355,18.8879,1
SK,972 23,Dolné Vestenice,,TC,Prievidza,307,,,49.0355,18.8879,1
SK,972 24,Diviacka Nová Ves,,TC,Prievidza,307,,,49.0355,18.8879,1
SK,972 25,Diviaky nad Nitricou,,TC,Prievidza,307,,,49.0355,18.8879,1
SK,972 26,Nitrianske Rudno,,TC,Prievidza,307,,,49.0355,18.8879,1
SK,972 27,Dobročná,,TC,Prievidza,307,,,49.0355,18.8879,1
SK,972 28,Valaská Belá,,TC,Prievidza,307,,,49.0355,18.8879,1
SK,972 29,Temeš,,TC,Prievidza,307,,,49.0355,18.8879,1
SK,972 31,Jalovec,,TC,Prievidza,307,,,49.1363,19.6295,4
SK,972 32,Chrenovec - Brusno,,TC,Prievidza,307,,,49.1363,19.6295,1
SK,972 41,Koš,,TC,Prievidza,307,,,49.0355,18.8879,1
SK,972 42,Veľká Lehota,,TC,Prievidza,307,,,49.0355,18.8879,1
SK,972 43,Zemianske Kostoľany,,TC,Prievidza,307,,,49.0355,18.8879,1
SK,972 44,Kamenec pod Vtáč.,,TC,Prievidza,307,,,49.0355,18.8879,1
SK,972 45,Bystričany,,TC,Prievidza,307,,,49.0355,18.8879,1
SK,972 46,Fančová,,TC,Prievidza,307,,,49.0355,18.8879,1
SK,972 47,Oslany,,TC,Prievidza,307,,,49.0355,18.8879,1
SK,972 48,Štiefleje,,TC,Prievidza,307,,,49.0355,18.8879,1
SK,972 51,Nová Lehota,,TC,Prievidza,307,,,49.0355,18.8879,1
SK,972 71,Laskár,,TC,Prievidza,307,,,49.0355,18.8879,1
SK,018 61,Beluša,,TC,Púchov,308,,,49.1135,18.2144,1
SK,020 01,Ihrište,,TC,Púchov,308,,,49.1969,18.1537,1
SK,020 51,Dohňany,,TC,Púchov,308,,,49.1969,18.1537,1
SK,020 52,Mestečko,,TC,Púchov,308,,,49.1969,18.1537,1
SK,020 53,Dolinky,,TC,Púchov,308,,,49.1969,18.1537,1
SK,020 54,Strelenka,,TC,Púchov,308,,,49.1859,18.1436,4
SK,020 55,Lazy pod Makytou,,TC,Púchov,308,,,49.1969,18.1537,1
SK,020 61,Horná Breznica,,TC,Púchov,308,,,49.1969,18.1537,1
SK,020 62,Močiare,,TC,Púchov,308,,,49.1969,18.1537,1
SK,020 63,Lednica,,TC,Púchov,308,,,49.1969,18.1537,1
SK,020 64,Zubák,,TC,Púchov,308,,,49.1969,18.1537,1
SK,020 71,Nimnica,,TC,Púchov,308,,,49.1969,18.1537,1
SK,020 72,Mojtín,,TC,Púchov,308,,,49.1969,18.1537,1
SK,911 01,Kubrica,,TC,Trenčín,309,,,48.8945,18.0444,1
SK,911 05,Zamarovce,,TC,Trenčín,309,,,48.8945,18.0444,1
SK,911 06,Záblatie,,TC,Trenčín,309,,,48.8945,18.0444,1
SK,913 03,Drietoma,,TC,Trenčín,309,,,48.8511,17.9228,1
SK,913 04,Chocholná,,TC,Trenčín,309,,,48.8511,17.9228,1
SK,913 05,Štvrtok,,TC,Trenčín,309,,,48.8511,17.9228,3
SK,913 11,Malé Stankovce,,TC,Trenčín,309,,,48.8485,17.9887,3
SK,913 21,Mníchova Lehota,,TC,Trenčín,309,,,48.85,17.9492,1
SK,913 22,Kostolné Mitice,,TC,Trenčín,309,,,48.85,17.9492,1
SK,913 23,Dubodiel,,TC,Trenčín,309,,,48.85,17.9492,1
SK,913 24,Svinná,,TC,Trenčín,309,,,48.85,17.9492,1
SK,913 25,Bobotská Lehota,,TC,Trenčín,309,,,48.85,17.9492,1
SK,913 26,Rožňová Neporadza,,TC,Trenčín,309,,,48.85,17.9492,1
SK,913 31,Skala,,TC,Trenčín,309,,,48.85,17.9492,1
SK,913 32,Dolná Súča,,TC,Trenčín,309,,,48.85,17.9492,1
SK,913 33,Repákovci,,TC,Trenčín,309,,,48.85,17.9492,1
SK,913 36,Selec,,TC,Trenčín,309,,,48.85,17.9492,1
SK,913 38,Soblahov,,TC,Trenčín,309,,,48.85,17.9492,1
SK,914 01,Trenčianska Teplá,,TC,Trenčín,309,,,48.4793,17.612,1
SK,914 41,Trenčianska Závada,,TC,Trenčín,309,,,48.4793,17.612,1
SK,914 42,Horné Srnie,,TC,Trenčín,309,,,48.4793,17.612,1
SK,914 43,Omšenie,,TC,Trenčín,309,,,48.4793,17.612,1
SK,914 51,Trenčianske Teplice,,TC,Trenčín,309,,,48.4793,17.612,1
SK,911 08,Trenčín,,TC,,,,,48.8945,18.0444,4
SK,957 04,Bánovce nad Bebravou,,TC,,,,,48.4084,18.1537,1
SK,958 01,Partizánske,,TC,,,,,48.4084,18.1537,1
SK,958 06,Partizánske,,TC,,,,,48.4084,18.1537,1
SK,013 51,Predmier,,ZI,Bytča,501,,,49.1985,18.5327,4
SK,013 52,Súľov,,ZI,Bytča,501,,,49.1646,18.5889,4
SK,013 53,Pláne,,ZI,Bytča,501,,,49.2937,18.5072,4
SK,013 54,Škoruby,,ZI,Bytča,501,,,49.2875,18.5201,3
SK,013 55,Predjastrabie,,ZI,Bytča,501,,,49.3173,18.5875,3
SK,013 56,Hvozdnica,,ZI,Bytča,501,,,49.2104,18.4894,4
SK,013 61,Buková,,ZI,Bytča,501,,,49.2604,18.5938,4
SK,013 62,Madzín,,ZI,Bytča,501,,,49.3286,18.5528,4
SK,014 01,Hliník nad Váhom,,ZI,Bytča,501,,,49.2341,18.5759,4
SK,022 01,U Hluška,,ZI,Čadca,502,,,49.4511,18.7944,3
SK,022 04,Čadca - Kyčerka,,ZI,Čadca,502,,,49.3759,18.6156,3
SK,023 01,Oščadnica,,ZI,Čadca,502,,,49.4357,18.8819,4
SK,023 02,Kalinov,,ZI,Čadca,502,,,49.3776,18.8337,3
SK,023 03,Zborov nad Bystricou,,ZI,Čadca,502,,,49.3797,18.8866,4
SK,023 04,Lány,,ZI,Čadca,502,,,49.3403,18.9274,3
SK,023 05,Vychylovka,,ZI,Čadca,502,,,49.3349,19.0453,3
SK,023 11,U Rulcov,,ZI,Čadca,502,,,49.4073,18.7318,3
SK,023 12,Svrčinovec,,ZI,Čadca,502,,,49.4809,18.7962,4
SK,023 13,Čierne,,ZI,Čadca,502,,,49.4936,18.8195,4
SK,023 14,Skalité,,ZI,Čadca,502,,,49.4966,18.8971,4
SK,023 21,Vyšná Korňa,,ZI,Čadca,502,,,49.433,18.5229,4
SK,023 22,Javorová,,ZI,Čadca,502,,,49.4522,18.5566,3
SK,023 51,Raková,,ZI,Čadca,502,,,49.4448,18.7379,4
SK,023 52,Olešná,,ZI,Čadca,502,,,49.4236,18.6762,4
SK,023 53,Staškov,,ZI,Čadca,502,,,49.421,18.6869,4
SK,023 54,Vyšný Koniec,,ZI,Čadca,502,,,49.3507,18.6782,3
SK,023 55,Semeteš,,ZI,Čadca,502,,,49.3587,18.5784,4
SK,023 56,Makov,,ZI,Čadca,502,,,49.3705,18.4804,4
SK,023 57,Podvysoká,,ZI,Čadca,502,,,49.4127,18.6646,4
SK,026 01,Malý Bysterec,,ZI,Dolný Kubín,503,,,49.2138,19.2726,4
SK,027 05,Ráztoky,,ZI,Dolný Kubín,503,,,49.2342,19.1324,3
SK,027 21,Žaškov,,ZI,Dolný Kubín,503,,,49.1724,19.2174,4
SK,027 41,Horná Lehota,,ZI,Dolný Kubín,503,,,49.2543,19.4026,4
SK,027 51,Kraľovany,,ZI,Dolný Kubín,503,,,49.1518,19.1306,4
SK,027 53,Istebné,,ZI,Dolný Kubín,503,,,49.2151,19.2217,4
SK,027 54,Revišné,,ZI,Dolný Kubín,503,,,49.2199,19.241,4
SK,027 55,Chlebnice,,ZI,Dolný Kubín,503,,,49.2321,19.4624,4
SK,023 31,Rudina,,ZI,Kysucké Nové Mesto,504,,,49.2888,18.7355,4
SK,023 32,Oškerda,,ZI,Kysucké Nové Mesto,504,,,49.2772,18.768,4
SK,023 33,Povina,,ZI,Kysucké Nové Mesto,504,,,49.3117,18.81,4
SK,023 34,Kysucký Lieskovec,,ZI,Kysucké Nové Mesto,504,,,49.3388,18.8161,4
SK,023 35,Ochodnica,,ZI,Kysucké Nové Mesto,504,,,49.3489,18.7896,4
SK,023 36,Lopušná,,ZI,Kysucké Nové Mesto,504,,,49.28,18.827,4
SK,023 41,Nesluša,,ZI,Kysucké Nové Mesto,504,,,49.3177,18.7415,4
SK,023 45,Dolný Vadičov,,ZI,Kysucké Nové Mesto,504,,,49.2701,18.8462,4
SK,024 01,Dubie,,ZI,Kysucké Nové Mesto,504,,,49.298,18.7614,4
SK,027 32,Malé Borové,,ZI,Liptovský Mikuláš,505,,,49.2271,19.5334,4
SK,031 01,Bodice,,ZI,Liptovský Mikuláš,505,,,49.0589,19.5752,4
SK,031 04,Veterná Poruba,,ZI,Liptovský Mikuláš,505,,,49.1091,19.6764,4
SK,031 05,Liptovská Ondrašová,,ZI,Liptovský Mikuláš,505,,,49.0947,19.5909,4
SK,032 02,Závažná Poruba,,ZI,Liptovský Mikuláš,505,,,49.054,19.6491,4
SK,032 03,Liptovský Ján,,ZI,Liptovský Mikuláš,505,,,49.0486,19.6785,4
SK,032 04,Beňadiková,,ZI,Liptovský Mikuláš,505,,,49.0756,19.6805,4
SK,032 05,Žiar,,ZI,Liptovský Mikuláš,505,,,49.1308,19.6652,4
SK,032 11,Lazisko,,ZI,Liptovský Mikuláš,505,,,49.0295,19.5411,4
SK,032 12,Dúbrava,,ZI,Liptovský Mikuláš,505,,,49.0391,19.4953,4
SK,032 13,Vlachy,,ZI,Liptovský Mikuláš,505,,,49.0931,19.478,4
SK,032 14,Fiačice,,ZI,Liptovský Mikuláš,505,,,49.0679,19.5003,4
SK,032 15,Železnô,,ZI,Liptovský Mikuláš,505,,,49.026,19.442,3
SK,032 21,Bobrovček,,ZI,Liptovský Mikuláš,505,,,49.1437,19.6045,4
SK,032 23,Kvačany,,ZI,Liptovský Mikuláš,505,,,49.1683,19.5436,4
SK,032 31,Hybe,,ZI,Liptovský Mikuláš,505,,,49.0444,19.8289,4
SK,032 32,Východná,,ZI,Liptovský Mikuláš,505,,,49.0591,19.8901,4
SK,032 33,Čierny Váh,,ZI,Liptovský Mikuláš,505,,,49.0169,19.8213,3
SK,032 34,Malužiná,,ZI,Liptovský Mikuláš,505,,,48.9804,19.7689,4
SK,032 42,Vavrišovo,,ZI,Liptovský Mikuláš,505,,,49.0713,19.7616,4
SK,032 44,Liptovská Kokava,,ZI,Liptovský Mikuláš,505,,,49.0892,19.8175,4
SK,032 61,Važec,,ZI,Liptovský Mikuláš,505,,,49.0597,19.9804,4
SK,033 01,Liptovský Peter,,ZI,Liptovský Mikuláš,505,,,49.05,19.7333,4
SK,036 01,Košúty,,ZI,Martin,506,,,49.0867,18.9371,4
SK,038 02,Diaková,,ZI,Martin,506,,,49.0503,18.9631,4
SK,038 03,Záborie,,ZI,Martin,506,,,49.0371,18.9839,4
SK,038 04,Bystrička,,ZI,Martin,506,,,49.05,18.8833,4
SK,038 11,Dulice,,ZI,Martin,506,,,49.0016,18.9799,4
SK,038 12,Necpaly,,ZI,Martin,506,,,48.9871,18.9659,4
SK,038 15,Karlová,,ZI,Martin,506,,,48.9606,18.9007,4
SK,038 31,Vrícko,,ZI,Martin,506,,,48.97,18.7048,4
SK,038 35,Valča,,ZI,Martin,506,,,49.0018,18.845,4
SK,038 40,Žabokreky,,ZI,Martin,506,,,49.0243,18.9238,4
SK,038 41,Košťany nad Turcom,,ZI,Martin,506,,,49.0299,18.9044,4
SK,038 42,Ležiachov,,ZI,Martin,506,,,48.9794,18.8582,4
SK,038 43,Valentová,,ZI,Martin,506,,,48.9643,18.8811,4
SK,038 51,Turč.Štiavnička,,ZI,Martin,506,,,49.1149,19.0617,1
SK,038 52,Sučany,,ZI,Martin,506,,,49.0999,18.9907,4
SK,038 53,Turany,,ZI,Martin,506,,,49.1175,19.0403,4
SK,038 54,Šútovo,,ZI,Martin,506,,,49.15,19.0833,4
SK,038 61,Vrútky,,ZI,Martin,506,,,49.1133,18.9171,4
SK,029 01,Vavrečka,,ZI,Námestovo,507,,,49.3857,19.4665,4
SK,029 41,Klin,,ZI,Námestovo,507,,,49.4368,19.4925,4
SK,029 42,Bobrov,,ZI,Námestovo,507,,,49.4287,19.5412,4
SK,029 43,Zubrohlava,,ZI,Námestovo,507,,,49.4454,19.5117,4
SK,029 44,Rabča,,ZI,Námestovo,507,,,49.486,19.4762,4
SK,029 45,Rabčice,,ZI,Námestovo,507,,,49.5073,19.5238,4
SK,029 46,Sihelné,,ZI,Námestovo,507,,,49.5082,19.4115,4
SK,029 47,Oravská Polhora,,ZI,Námestovo,507,,,49.5272,19.4407,4
SK,029 51,Lokca,,ZI,Námestovo,507,,,49.3678,19.4134,4
SK,029 52,Vaňovka,,ZI,Námestovo,507,,,49.3431,19.3519,4
SK,029 53,Breza,,ZI,Námestovo,507,,,49.3876,19.3844,4
SK,029 54,Krušetnica,,ZI,Námestovo,507,,,49.3752,19.3388,4
SK,029 55,Novoť,,ZI,Námestovo,507,,,49.4285,19.2654,4
SK,029 56,Zákamenné,,ZI,Námestovo,507,,,49.3886,19.2929,4
SK,029 57,Tanečník,,ZI,Námestovo,507,,,49.372,19.1769,3
SK,029 62,Oravské Veselé,,ZI,Námestovo,507,,,49.466,19.3834,4
SK,029 63,Beňadovo,,ZI,Námestovo,507,,,49.432,19.3423,4
SK,029 64,Oravská Jasenica,,ZI,Námestovo,507,,,49.4534,19.3484,1
SK,034 01,Rybárpole,,ZI,Ružomberok,508,,,49.0865,19.2805,4
SK,034 03,Biely Potok,,ZI,Ružomberok,508,,,49.0429,19.3036,4
SK,034 06,Černová,,ZI,Ružomberok,508,,,49.0913,19.264,4
SK,034 71,Ludrová,,ZI,Ružomberok,508,,,49.05,19.3333,4
SK,034 72,Liptovská Lúžna,,ZI,Ružomberok,508,,,48.941,19.3238,4
SK,034 73,Korytnica - kúpele,,ZI,Ružomberok,508,,,48.9496,19.2618,3
SK,034 74,Liptovské Revúce,,ZI,Ružomberok,508,,,48.9206,19.1798,4
SK,034 81,Lisková,,ZI,Ružomberok,508,,,49.0902,19.3537,4
SK,034 82,Lúčky - kúpele,,ZI,Ružomberok,508,,,49.1273,19.4088,3
SK,034 83,Turík,,ZI,Ružomberok,508,,,49.1076,19.3828,4
SK,034 84,Vyšný Sliač,,ZI,Ružomberok,508,,,49.056,19.408,4
SK,034 91,Ľubochňa,,ZI,Ružomberok,508,,,49.1201,19.1689,4
SK,034 92,Rojkov,,ZI,Ružomberok,508,,,49.1423,19.1739,3
SK,034 95,Likavka,,ZI,Ružomberok,508,,,49.0926,19.3116,4
SK,034 96,Valaská Dubová,,ZI,Ružomberok,508,,,49.1407,19.2933,4
SK,038 21,Mošovce,,ZI,Turčianske Teplice,509,,,48.9094,18.8848,4
SK,038 22,Hadviga,,ZI,Turčianske Teplice,509,,,48.9113,18.7697,3
SK,038 23,Budiš,,ZI,Turčianske Teplice,509,,,48.8729,18.7585,4
SK,038 44,Blažovce,,ZI,Turčianske Teplice,509,,,48.9401,18.8443,4
SK,038 45,Malý Čepčín,,ZI,Turčianske Teplice,509,,,48.9029,18.8393,4
SK,038 46,Horná Štubňa,,ZI,Turčianske Teplice,509,,,48.825,18.8846,4
SK,038 47,Sklené,,ZI,Turčianske Teplice,509,,,48.7862,18.8295,4
SK,038 48,Dolný Turček,,ZI,Turčianske Teplice,509,,,48.7641,18.9062,4
SK,039 01,Čremošné,,ZI,Turčianske Teplice,509,,,48.848,18.9042,4
SK,027 12,Liesek,,ZI,Tvrdošín,510,,,49.3612,19.6749,4
SK,027 13,Suchá Hora,,ZI,Tvrdošín,510,,,49.3663,19.7899,4
SK,027 42,Oravský Biely Potok,,ZI,Tvrdošín,510,,,49.2863,19.5548,4
SK,027 43,Zemianska Dedina,,ZI,Tvrdošín,510,,,49.3226,19.5151,4
SK,027 44,Tvrdošín,,ZI,Tvrdošín,510,,,49.337,19.556,4
SK,028 01,Brezovica,,ZI,Tvrdošín,510,,,49.3419,19.6526,4
SK,010 01,Mojš,,ZI,Žilina,511,,,49.1992,18.8215,4
SK,010 03,Budatín,,ZI,Žilina,511,,,49.2395,18.7423,4
SK,010 04,Bánová,,ZI,Žilina,511,,,49.2013,18.7222,4
SK,010 09,Bytčica,,ZI,Žilina,511,,,49.1855,18.7353,4
SK,010 14,Vranie,,ZI,Žilina,511,,,49.2584,18.7413,4
SK,013 01,Teplička nad Váhom,,ZI,Žilina,511,,,49.2243,18.7999,4
SK,013 02,Gbeľany,,ZI,Žilina,511,,,49.2122,18.8445,4
SK,013 03,Krasňany,,ZI,Žilina,511,,,49.2149,18.8872,4
SK,013 04,Stráža,,ZI,Žilina,511,,,49.2258,18.9078,4
SK,013 05,Lutiše,,ZI,Žilina,511,,,49.2908,18.9574,4
SK,013 06,Nižné Kamence,,ZI,Žilina,511,,,49.2878,19.0313,3
SK,013 11,Lietavská Svinná,,ZI,Žilina,511,,,49.1524,18.6774,4
SK,013 12,Turie,,ZI,Žilina,511,,,49.1491,18.7498,4
SK,013 13,Konská,,ZI,Žilina,511,,,49.1111,18.6781,4
SK,013 14,Kamenná Poruba,,ZI,Žilina,511,,,49.0923,18.6884,4
SK,013 15,Rajecká Lesná,,ZI,Žilina,511,,,49.0444,18.6357,4
SK,013 18,Podhorie,,ZI,Žilina,511,,,49.1725,18.644,4
SK,013 19,Kľače,,ZI,Žilina,511,,,49.1064,18.6485,4
SK,013 22,Rosina,,ZI,Žilina,511,,,49.1833,18.7667,4
SK,013 23,Višňové,,ZI,Žilina,511,,,49.1608,18.7843,4
SK,013 24,Nezbudská Lúčka,,ZI,Žilina,511,,,49.1737,18.8679,4
SK,013 25,Stráňavy,,ZI,Žilina,511,,,49.1715,18.8218,4
SK,013 31,Lalinok,,ZI,Žilina,511,,,49.2717,18.6914,3
SK,013 32,Forbaky - Klukany,,ZI,Žilina,511,,,49.272,18.6473,3
SK,013 41,Hričovské Podhradie,,ZI,Žilina,511,,,49.2222,18.6226,4
SK,013 42,Horný Hričov,,ZI,Žilina,511,,,49.2582,18.6631,4
SK,015 01,Malá Čierna,,ZI,Žilina,511,,,49.0831,18.6198,3
SK,010 07,Žilina,,ZI,,,,,49.2231,18.7394,4
SK,010 08,Žilina,,ZI,,,,,49.2231,18.7394,4
SK,010 15,Žilina,,ZI,,,,,49.2231,18.7394,4
SK,024 04,Kysucké Nové Mesto,,ZI,,,,,49.3,18.7833,4
